wmh_percentile,wmh_ml,sbp,reference_sbp,local_n,support_min,support_max,display,status,estimate,se,lower,upper,p,df,m,within_variance,between_variance,HR,HR_lower,HR_upper
25,7.161995425646603,105.46693521711336,140,577,105.78824578960443,166.1104986485884,continuous_central95,OUTSIDE_OBSERVED_SUPPORT,,,,,,,,,,,,
25,7.161995425646603,106.08341712596696,140,577,105.78824578960443,166.1104986485884,continuous_central95,ESTIMATED,-0.06077068296142456,0.22227965233996272,-0.4964308193969811,0.37488945347413194,0.7845477400653446,22579727.344062325,2.0,0.049397846077620225,6.931844502981312e-06,0.9410390113142777,0.6086993450910606,1.454830579262206
25,7.161995425646603,106.69989903482055,140,577,105.78824578960443,166.1104986485884,continuous_central95,ESTIMATED,-0.06028421642738577,0.2173765487399372,-0.4863344458209927,0.36576601296622113,0.7815296312479688,22637516.472728524,2.0,0.04724263253031437,6.6209411812798374e-06,0.9414969066668595,0.6148761301693518,1.4416178832948425
25,7.161995425646603,107.31638094367415,140,577,105.78824578960443,166.1104986485884,continuous_central95,ESTIMATED,-0.05979774989334695,0.2124769405520316,-0.47624492312589145,0.3566494233391975,0.7783792977855766,22699664.404989954,2.0,0.04513697450988782,6.317170975827233e-06,0.9419550248243956,0.6211113390858374,1.428534971037304
25,7.161995425646603,107.93286285252775,140,577,105.78824578960443,166.1104986485884,continuous_central95,ESTIMATED,-0.05931128335930812,0.2075810752866711,-0.4661627364231367,0.34754016970452045,0.7750880914526092,22766616.95995528,2.0,0.04308087201634068,6.0205338866235955e-06,0.9424133658952997,0.6274051740651746,1.4155811729500465
25,7.161995425646603,108.54934476138133,140,577,105.78824578960443,166.1104986485884,continuous_central95,ESTIMATED,-0.0588248168252693,0.20268922416977042,-0.4560884173056883,0.3384387836551497,0.7716466175380631,22838878.422849674,2.0,0.04107432504967294,5.731029913668731e-06,0.9428719299880378,0.6337577994641497,1.4027558747380062
25,7.161995425646603,109.16582667023494,140,577,105.78824578960443,166.1104986485884,continuous_central95,ESTIMATED,-0.058338350291230495,0.19780168502434445,-0.4460225494958602,0.32934584891339924,0.7680446558493275,22917021.01265853,2.0,0.03911733360988453,5.448659056962828e-06,0.943330717211129,0.6401693364030883,1.3900585226933562
25,7.161995425646603,109.78230857908854,140,577,105.78824578960443,166.1104986485884,continuous_central95,ESTIMATED,-0.05785188375719167,0.19291878557815537,-0.43596577532818825,0.32026200781380487,0.764271072034463,23001696.193273835,2.0,0.037209897696975525,5.1734213165058355e-06,0.9437897276731453,0.6466398565936026,1.3774886298435478
25,7.161995425646603,110.39879048794212,140,577,105.78824578960443,166.1104986485884,continuous_central95,ESTIMATED,-0.05736541722315285,0.1880408872718494,-0.4259188032132414,0.31118796876693566,0.7603137179293711,23093648.251380183,2.0,0.03535201731094593,4.905316692297577e-06,0.9442489614827112,0.6531693752220649,1.3650457830452476
25,7.161995425646603,111.01527239679572,140,577,105.78824578960443,166.1104986485884,continuous_central95,ESTIMATED,-0.05687895068911404,0.18316838965709165,-0.41588241625780636,0.3021245148795783,0.7561593194660635,23193730.677215677,2.0,0.033543692451795656,4.6443451843382314e-06,0.9447084187485044,0.6597578427197714,1.3527296511932079
25,7.161995425646603,111.63175430564932,140,577,105.78824578960443,166.1104986485884,continuous_central95,ESTIMATED,-0.0563924841550752,0.17830173549271394,-0.40585748225315443,0.29307251394300404,0.7517933504925208,23302926.03179651,2.0,0.031784923119524786,4.390506792627754e-06,0.9451680995792553,0.666405135215785,1.3405399947480785
25,7.161995425646603,112.24823621450292,140,577,105.78824578960443,166.1104986485884,continuous_central95,ESTIMATED,-0.05590601762103638,0.17344141666974766,-0.395844965287891,0.28403293004581825,0.7471998906563341,23422370.178199533,2.0,0.030075709314133274,4.143801517166225e-06,0.9456280040837471,0.673111043425271,1.328476676830347
25,7.161995425646603,112.86471812335651,140,577,105.78824578960443,166.1104986485884,continuous_central95,ESTIMATED,-0.05541955108699757,0.16858798112456927,-0.3858459392974722,0.275006837123477,0.7423614652993719,23553382.011931583,2.0,0.028416051035621195,3.9042293579534435e-06,0.9460881323708162,0.6798752596725541,1.3165396761811785
25,7.161995425646603,113.48120003221011,140,577,105.78824578960443,166.1104986485884,continuous_central95,ESTIMATED,-0.05493308455295874,0.1637420409346999,-0.37586160393167944,0.26599543482576193,0.7372588651098005,23697500.169709407,2.0,0.026805948283988454,3.671790314989607e-06,0.9465484845493518,0.6866973626814064,1.3047291023576464
25,7.161995425646603,114.09768194106371,140,577,105.78824578960443,166.1104986485884,continuous_central95,ESTIMATED,-0.05444661801891992,0.15890428183600808,-0.3658933032079942,0.25700006717015433,0.7318709430989951,23856528.66079513,2.0,0.025245401059235076,3.4464843882746374e-06,0.9470090607282959,0.6935767996815215,1.2930452136133972
25,7.161995425646603,114.7141638499173,140,577,105.78824578960443,166.1104986485884,continuous_central95,ESTIMATED,-0.05396015148488111,0.15407547445563113,-0.3559425475277189,0.2480222445579567,0.72617438634363,24032593.998293582,2.0,0.023734409361361127,3.2283115778084985e-06,0.947469861016644,0.7005128652751276,1.2814884380208007
25,7.161995425646603,115.3306457587709,140,577,105.78824578960443,166.1104986485884,continuous_central95,ESTIMATED,-0.05347368495084229,0.14925648762513444,-0.34601103976929015,0.2390636698676056,0.7201434599042313,24228217.279632483,2.0,0.022272973190366523,3.017271883591228e-06,0.9479308855234443,0.7075046763749886,1.27005939852333
25,7.161995425646603,115.9471276676245,140,577,105.78824578960443,166.1104986485884,continuous_central95,ESTIMATED,-0.05298721841680346,0.1444483042275323,-0.3361007063478684,0.2301262695142615,0.7137497204737303,24446405.87846618,2.0,0.020861092546251292,2.8133653056228257e-06,0.9483921343577979,0.7145511423566177,1.2587589427753567
25,7.161995425646603,116.56360957647809,140,577,105.78824578960443,166.1104986485884,continuous_central95,ESTIMATED,-0.052500746288270936,0.13965204712759727,-0.3262137424433199,0.221212249866778,0.7069617414921076,24690769.49894646,2.0,0.019498769378641666,2.61659219132103e-06,0.9488536129372149,0.7216509235143138,1.247588202893983
25,7.161995425646603,117.18009148533169,140,577,105.78824578960443,166.1104986485884,continuous_central95,ESTIMATED,-0.05201320314256348,0.1348703010989199,-0.3163541486962467,0.21232774241111974,0.699753311365619,24965336.93285544,2.0,0.01818635759417938,2.4270162226245343e-06,0.9493163328012656,0.7288013004282555,1.2365530895645802
25,7.161995425646603,117.79657339418529,140,577,105.78824578960443,166.1104986485884,continuous_central95,ESTIMATED,-0.051521218103544215,0.13010856759686373,-0.30652933688568795,0.20348690067859954,0.6921150939172698,25274146.63175661,2.0,0.016924872126224524,2.244823922087942e-06,0.949783497143811,0.7359969260049531,1.2256691021025499
25,7.161995425646603,118.41305530303887,140,577,105.78824578960443,166.1104986485884,continuous_central95,ESTIMATED,-0.05102111732004724,0.12537267833303992,-0.29674706310613663,0.19470482846604217,0.6840405798633047,25621800.26891433,2.0,0.015715203190821894,2.0701877186682982e-06,0.95025860340549,0.7432319793773248,1.2149523142191392
25,7.161995425646603,119.02953721189247,140,577,105.78824578960443,166.1104986485884,continuous_central95,ESTIMATED,-0.05050922694090678,0.12066839886488107,-0.287014953792334,0.18599649991052042,0.6755240296509064,26013665.61697562,2.0,0.014558007614701454,1.9032466083830367e-06,0.9507451561624819,0.7505005059244435,1.2044180447993247
25,7.161995425646603,119.64601912074608,140,577,105.78824578960443,166.1104986485884,continuous_central95,ESTIMATED,-0.049981873114957,0.11600141298774505,-0.2773404751283626,0.17737672889844858,0.666560743229474,26456027.65018515,2.0,0.013453711655517744,1.7441064237597346e-06,0.9512466674834218,0.757796442341407,1.1940808531674896
25,7.161995425646603,120.26250102959966,140,577,105.78824578960443,166.1104986485884,continuous_central95,ESTIMATED,-0.04943538199103202,0.11137730524408664,-0.26773089876626077,0.16886013478419676,0.6571473714046274,26956275.645430025,2.0,0.012402514863130326,1.5928402027480209e-06,0.9517666574158646,0.7651136464285198,1.1839545332867059
25,7.161995425646603,120.87898293845326,140,577,105.78824578960443,166.1104986485884,continuous_central95,ESTIMATED,-0.048866079717966054,0.10680154125718866,-0.258193263280852,0.16046110384491988,0.6472822721359857,27523136.23450391,2.0,0.011404394981925331,1.4494886570943911e-06,0.9523086546028364,0.7724459322451557,1.174052106139694
25,7.161995425646603,121.49546484730686,140,577,105.78824578960443,166.1104986485884,continuous_central95,ESTIMATED,-0.04827029244459327,0.10227944556600187,-0.24873433072683648,0.15219374583764994,0.6369659144056306,28166965.51591042,2.0,0.01045911389417847,1.3140607401792774e-06,0.9528761970300612,0.7797871113434796,1.164385809483493
25,7.161995425646603,122.11194675616045,140,577,105.78824578960443,166.1104986485884,continuous_central95,ESTIMATED,-0.04764434631974786,0.09781617660658407,-0.23936053760332032,0.14407184496382458,0.626201331096052,28900117.619212154,2.0,0.009566224604458969,1.1865343143168642e-06,0.9534728329045258,0.7871310408690209,1.1549670841125654
25,7.161995425646603,122.72842866501405,140,577,105.78824578960443,166.1104986485884,continuous_central95,ESTIMATED,-0.04698456749226394,0.09341669845617005,-0.2300779394732161,0.13610880448868817,0.6149946205517737,29737412.9794849,2.0,0.00872507926507473,1.0668569175174607e-06,0.9541021216651298,0.7944716793860613,1.1458065557092696
25,7.161995425646603,123.34491057386765,140,577,105.78824578960443,166.1104986485884,continuous_central95,ESTIMATED,-0.046287282110975714,0.08908574893047368,-0.22089214843510804,0.12831758421315662,0.6033554940271009,30696737.67426787,2.0,0.007934838242558823,9.549466297119606e-07,0.954767635126262,0.8018031513517004,1.1369140113104166
25,7.161995425646603,123.96139248272124,140,577,105.78824578960443,166.1104986485884,continuous_central95,ESTIMATED,-0.045548816324717356,0.08482780360680497,-0.21180826260985952,0.12071062996042481,0.5912978629168474,31799816.44741209,2.0,0.007194480225197017,8.506930384394018e-07,0.9554729587552606,0.8091198212173538,1.1282983693799438
25,7.161995425646603,124.57787439157484,140,577,105.78824578960443,166.1104986485884,continuous_central95,ESTIMATED,-0.04476549628232303,0.08064703533951183,-0.20283078679233485,0.11329979422768878,0.5788404554238649,33073217.885889404,2.0,0.0065028133715964755,7.53958303996787e-07,0.9562216930848382,0.8164163781721402,1.1199676424585923
25,7.161995425646603,125.19435630042844,140,577,105.78824578960443,166.1104986485884,continuous_central95,ESTIMATED,-0.043933648132626894,0.07654726884600047,-0.1939635434416293,0.1060962471763755,0.5660074470849611,34549672.694150366,2.0,0.005858487500295795,6.645783240514145e-07,0.9570174552616902,0.8236879325484018,1.1119288913726337
25,7.161995425646603,125.81083820928202,140,577,105.78824578960443,166.1104986485884,continuous_central95,ESTIMATED,-0.04304959802446315,0.07253192997854567,-0.18520957325563225,0.09911037720670596,0.5528290833944008,36269818.22901045,2.0,0.005260007320416079,5.823639977157438e-07,0.9578638807326669,0.8309301248717585,1.1041881700387832
25,7.161995425646603,126.42732011813563,140,577,105.78824578960443,166.1104986485884,continuous_central95,ESTIMATED,-0.042109672106665934,0.06860398936823449,-0.17657102471516756,0.09235168050183568,0.5393422658108582,38284529.12387349,2.0,0.004705746703353202,5.071025890848833e-07,0.958764625070049,0.8381392484397422,1.0967504600183384
25,7.161995425646603,127.04380202698923,140,577,105.78824578960443,166.1104986485884,continuous_central95,ESTIMATED,-0.04111019652806942,0.06476590024308108,-0.16804903220971085,0.08582863915357201,0.5255910650846186,40658062.167828515,2.0,0.004193963995511375,4.38559190236603e-07,0.9597233659376592,0.8453123861343219,1.0896195941701843
25,7.161995425646603,127.66028393584281,140,577,105.78824578960443,166.1104986485884,continuous_central95,ESTIMATED,-0.04004749743750781,0.06101953039399201,-0.15964358269309464,0.07954858781807901,0.511627118723654,43472344.825789645,2.0,0.003722818372077774,3.7647828369365954e-07,0.9607438051997353,0.8524475618923192,1.0827981690517918
25,7.161995425646603,128.27676584469643,140,577,105.78824578960443,166.1104986485884,continuous_central95,ESTIMATED,-0.03891790098381522,0.0573660885013514,-0.15135337128622087,0.07351756931859044,0.49750986344900167,46832888.503705785,2.0,0.0032903872318383576,3.205854043490003e-07,0.9618296711747107,0.8595439068507885,1.0762874461428142
25,7.161995425646603,128.89324775355,140,577,105.78824578960443,166.1104986485884,continuous_central95,ESTIMATED,-0.0377177333158259,0.05380604535167298,-0.1431756468644774,0.0677401802328256,0.48330654989097716,50877037.87867699,2.0,0.0028946846330350096,2.705889008532228e-07,0.9629847210362721,0.8666018396307024,1.070087242538612
25,7.161995425646603,129.5097296624036,140,577,105.78824578960443,166.1104986485884,continuous_central95,ESTIMATED,-0.03644332058237397,0.05033905087462736,-0.13510604945323015,0.062219408288482214,0.46909198701848503,55785621.36885312,2.0,0.0025336807702636245,2.261817964646529e-07,0.9642127433643208,0.8736232595062648,1.0641958124965452
25,7.161995425646603,130.12621157125722,140,577,105.78824578960443,166.1104986485884,continuous_central95,ESTIMATED,-0.03509098893229356,0.046963848415963814,-0.127138442205759,0.0569564643411719,0.4549479694680714,61799618.3932589,2.0,0.002205322492413584,1.8704374936201196e-07,0.9655175608487199,0.8806117503246252,1.0586097221205713
25,7.161995425646603,130.7426934801108,140,577,105.78824578960443,166.1104986485884,continuous_central95,ESTIMATED,-0.033657064514418945,0.04367818822154835,-0.11926474183500518,0.0519506128061673,0.440962353549792,69244326.9045557,2.0,0.0019075548616483756,1.528431124194791e-07,0.9669030331489947,0.8875727920053418,1.053323720526011
25,7.161995425646603,131.3591753889644,140,577,105.78824578960443,166.1104986485884,continuous_central95,ESTIMATED,-0.03213787347758424,0.04047874271844333,-0.1114747525674539,0.04719900561228541,0.42722776838606846,78564899.2546845,2.0,0.001638343753427262,1.2323909244444523e-07,0.9683730599134572,0.8945139752994269,1.0483306119977096
25,7.161995425646603,131.975657297818,140,577,105.78824578960443,166.1104986485884,continuous_central95,ESTIMATED,-0.030529741970623546,0.037361026800418785,-0.10375600990552991,0.04269652596428281,0.41383997788629073,90379347.2719141,2.0,0.001395699497568294,9.788400887767902e-08,0.9699315839615359,0.9014452142943398,1.0436211348712698
25,7.161995425646603,132.5921392066716,140,577,105.78824578960443,166.1104986485884,continuous_central95,ESTIMATED,-0.02882899614237116,0.03431932689943668,-0.09609364161019807,0.038435649325455755,0.4008959468650604,105558746.28180702,2.0,0.001177701560352464,7.642565195602897e-08,0.9715825946334377,0.9083789500183576,1.039183854024321
25,7.161995425646603,133.20862111552518,140,577,105.78824578960443,166.1104986485884,continuous_central95,ESTIMATED,-0.02703196214166121,0.031346643078318005,-0.0884702542046358,0.03440632992131339,0.3884917101065464,125350276.45222305,2.0,0.0009825242676689556,5.850974033773561e-08,0.9733301313116248,0.9153303375599655,1.0350050748285617
25,7.161995425646603,133.8251030243788,140,577,105.78824578960443,166.1104986485884,continuous_central95,ESTIMATED,-0.025134966117327767,0.028434648633647065,-0.08086585379737207,0.030595921562716545,0.37672019746128965,151568260.3979594,2.0,0.0008084635692016816,4.3782478190195155e-08,0.9751782871189663,0.9223174085243054,1.031068787034849
25,7.161995425646603,134.44158493323238,140,577,105.78824578960443,166.1104986485884,continuous_central95,ESTIMATED,-0.023134334218205155,0.0255736716854384,-0.0732578099987278,0.0269891415623175,0.3656692377300425,186893118.68783927,2.0,0.0006539648436569833,3.189321174028765e-08,0.9771312127988274,0.929361200527754,1.0273566472147921
25,7.161995425646603,135.05806684208596,140,577,105.78824578960443,166.1104986485884,continuous_central95,ESTIMATED,-0.02102639259312749,0.022752702934165422,-0.06562087112438343,0.023568085938128452,0.3554200726320549,235338563.30074498,2.0,0.000517651745032449,2.2497185287218614e-08,0.9791931207827888,0.9364858458212497,1.0238480080256869
25,7.161995425646603,135.67454875093958,140,577,105.78824578960443,166.1104986485884,continuous_central95,ESTIMATED,-0.01880746739092883,0.019959433296614516,-0.05792723796040883,0.020312303178551174,0.3460469314491413,302965031.474574,2.0,0.0003983560899269873,1.525839667791944e-08,0.9813682894521261,0.9437186118296844,1.020520001904977
25,7.161995425646603,136.29103065979317,140,577,105.78824578960443,166.1104986485884,continuous_central95,ESTIMATED,-0.01647388476044354,0.017180324930583742,-0.05014670296925959,0.017198933448372516,0.33761876810528985,398882958.573693,2.0,0.00029514878589206986,9.852552244938064e-09,0.9836610675996668,0.9510898865552584,1.017347686679559
25,7.161995425646603,136.90751256864675,140,577,105.78824578960443,166.1104986485884,continuous_central95,ESTIMATED,-0.014022033568379295,0.014400739688662905,-0.042246964772594,0.014202897635835408,0.3302043681109881,536311923.3372067,2.0,0.0002073723486778783,5.9699351684452755e-09,0.9860758172545544,0.9586330027542717,1.0143042379936513
25,7.161995425646603,137.52399447750037,140,577,105.78824578960443,166.1104986485884,continuous_central95,ESTIMATED,-0.011451228781318894,0.011606197626088695,-0.03419895816336805,0.011296500600730263,0.32381535296428365,734978122.898236,2.0,0.00013469885463650451,3.3124662148985546e-09,0.9886140869859853,0.9663792164754642,1.0113605470031835
25,7.161995425646603,138.14047638635395,140,577,105.78824578960443,166.1104986485884,continuous_central95,ESTIMATED,-0.008764895637400804,0.008784137572882463,-0.025981488935777293,0.008451697660975685,0.31837175846410526,1027442311.1482868,2.0,7.715866565853144e-05,1.60482719598684e-09,0.9912734040810051,0.9743531257551011,1.008487514089754
25,7.161995425646603,138.75695829520754,140,577,105.78824578960443,166.1104986485884,continuous_central95,ESTIMATED,-0.005966767533625015,0.005923479329994051,-0.017576573693158966,0.005643038625908935,0.313786834009901,1467097529.7505093,2.0,3.508669131214592e-05,6.107071472371854e-10,0.9940509982714031,0.9825769932351295,1.0056589905600535
25,7.161995425646603,139.37344020406115,140,577,105.78824578960443,166.1104986485884,continuous_central95,ESTIMATED,-0.0030605778669914275,0.0030145386753134876,-0.00896896510394497,0.0028478093699621137,0.30997600486881555,2143661195.8390026,2.0,9.087247150566017e-06,1.308495965196504e-10,0.9969441009269603,0.9910711360852977,1.0028518682311056
25,7.161995425646603,139.98992211291474,140,577,105.78824578960443,166.1104986485884,continuous_central95,ESTIMATED,-5.006003450034711e-05,4.899025691718105e-05,-0.00014607917368756094,4.595910468686672e-05,0.3068582731607644,3212689223.8769836,2.0,2.400002929474916e-09,2.8228890993092962e-14,0.9999499412184822,0.9998539314953554,1.0000459601608227
25,7.161995425646603,140.0,140,577,105.78824578960443,166.1104986485884,continuous_central95,ESTIMATED,0.0,0.0,0.0,0.0,,inf,2.0,0.0,0.0,1.0,1.0,1.0
25,7.161995425646603,140.60640402176833,140,577,105.78824578960443,166.1104986485884,continuous_central95,ESTIMATED,0.0030610525668482644,0.002980186993152632,-0.0027800066083527586,0.008902111742049287,0.3043571844075816,4953802163.9333105,2.0,8.881388326259713e-06,8.41252642746e-11,1.0030657423722829,0.9972238540316549,1.0089418533794128
25,7.161995425646603,141.22288593062194,140,577,105.78824578960443,166.1104986485884,continuous_central95,ESTIMATED,0.006269026540054505,0.006078777310228937,-0.00564515805986089,0.0181832111399699,0.30240143086842103,7891205884.910456,2.0,3.6951117618532175e-05,2.7731254798027127e-10,1.00628871801422,0.9943707459040297,1.01834953227841
25,7.161995425646603,141.83936783947553,140,577,105.78824578960443,166.1104986485884,continuous_central95,ESTIMATED,0.009570128488118048,0.009251404212109841,-0.008562290575720161,0.02770254755195626,0.30092516315757933,13057603465.378555,2.0,8.558773089281261e-05,4.993353540627624e-10,1.0096160686017372,0.9914742614368527,1.0280898310982012
25,7.161995425646603,142.45584974832911,140,577,105.78824578960443,166.1104986485884,continuous_central95,ESTIMATED,0.012960625014038947,0.012501611638538749,-0.011542083547515333,0.03746333357559323,0.2998680763597291,22612144393.580326,2.0,0.00015628925421249523,6.928989015196431e-10,1.0130449779427073,0.9885242707644314,1.0381739302580073
25,7.161995425646603,143.07233165718273,140,577,105.78824578960443,166.1104986485884,continuous_central95,ESTIMATED,0.016436782720817306,0.015831947101477957,-0.014593263404129767,0.04746682884576438,0.29917532859876556,41409671616.9196,2.0,0.00025064931728762123,8.211575833272407e-10,1.0165726098002017,0.9855127021768054,1.048611416893329
25,7.161995425646603,143.68881356603632,140,577,105.78824578960443,166.1104986485884,continuous_central95,ESTIMATED,0.019994868211452785,0.019244044457769997,-0.017722765843224818,0.05771250226613039,0.29879734064805785,81407149134.07297,2.0,0.00037033194913226573,8.65306908316784e-10,1.0201961045826369,0.9824333586912605,1.0594103738416198
25,7.161995425646603,144.30529547488993,140,577,105.78824578960443,166.1104986485884,continuous_central95,ESTIMATED,0.023631148088945585,0.02273870449696487,-0.020935893780511486,0.06819818995840266,0.2986895158989876,175728760841.90836,2.0,0.0005170474487830567,8.222781558890208e-10,1.0239125761190628,0.9792817406074753,1.0705774651577047
25,7.161995425646603,144.92177738374352,140,577,105.78824578960443,166.1104986485884,continuous_central95,ESTIMATED,0.027341888956295364,0.02631597204897299,-0.02423646847799897,0.0789202463905897,0.2988119115317886,431875231374.0644,2.0,0.0006925293310787123,7.025357435668656e-10,1.0277191085196649,0.9760548762555299,1.0821180158111738
25,7.161995425646603,145.5382592925971,140,577,105.78824578960443,166.1104986485884,continuous_central95,ESTIMATED,0.031123357416502247,0.029975208747675185,-0.027626972158066337,0.08987368699107083,0.2991288843904634,1287169774553.2925,2.0,0.0008985123475007419,5.279773073886305e-10,1.0316127531218489,0.9727511623974584,1.0940360839875374
25,7.161995425646603,146.1547412014507,140,577,105.78824578960443,166.1104986485884,continuous_central95,ESTIMATED,0.034971820072566114,0.0337151609365862,-0.03110868109612972,0.10105232124126196,0.2996087289450934,5275428204684.863,2.0,0.0011367115820751653,3.299364951392995e-10,1.0355905255225735,0.9693702151333851,1.106334525044749
25,7.161995425646603,146.7712231103043,140,577,105.78824578960443,166.1104986485884,continuous_central95,ESTIMATED,0.03888354352748709,0.03753402247652226,-0.03468178872141561,0.11244887577638979,0.30022331978075845,40661219979764.484,2.0,0.0014088026223353697,1.4728847241981333e-10,1.039649402697876,0.9659127316847061,1.1190150466749091
25,7.161995425646603,147.3877050191579,140,577,105.78824578960443,166.1104986485884,continuous_central95,ESTIMATED,0.042854794384264844,0.04142949242186297,-0.03834551866036172,0.1240551074288914,0.3009477671586929,2153452263553618.5,2.0,0.001716402805345989,2.465814155899768e-11,1.0437863202108124,0.9623803630647811,1.1320782552021909
25,7.161995425646603,148.0041869280115,140,577,105.78824578960443,166.1104986485884,continuous_central95,ESTIMATED,0.04688183924589956,0.04539882768183091,-0.04209822795082904,0.13586190644262816,0.30176009119864333,1.639493532613186e+16,2.0,0.002061053538787966,1.0731073358789417e-11,1.0479981695093061,0.9587755973846135,1.1455236932300357
25,7.161995425646603,148.6206688368651,140,577,105.78824578960443,166.1104986485884,continuous_central95,ESTIMATED,0.0509609447153909,0.049438890886682546,-0.045937500858113454,0.14785939028889525,0.3026409179751387,108177381110759.9,2.0,0.002444203697104575,1.5666715168330615e-10,1.0522817953156578,0.9551016533591211,1.1593498690514743
25,7.161995425646603,149.23715074571868,140,577,105.78824578960443,166.1104986485884,continuous_central95,ESTIMATED,0.055088377395738956,0.05354619374553221,-0.049860233854717266,0.16003698864619517,0.3035731991595215,13796335955793.453,2.0,0.0028671940927086767,5.146169308861434e-10,1.0566339931097224,0.9513623834620203,1.1735542783730086
25,7.161995425646603,149.85363265457227,140,577,105.78824578960443,166.1104986485884,continuous_central95,ESTIMATED,0.059260403889943664,0.05771693622119925,-0.05386271240163802,0.17238352018152536,0.3045419556475117,3819560831462.702,2.0,0.0033312430222509227,1.1363407060723571e-09,1.0610515067080089,0.9475621861092651,1.1881334189896793
25,7.161995425646603,150.47011456342588,140,577,105.78824578960443,166.1104986485884,continuous_central95,ESTIMATED,0.06347329080100514,0.06194704186516573,-0.05794068020361101,0.1848872618056213,0.30553404478228297,1524577444528.9695,2.0,0.0038374328879491517,2.071930296205971e-09,1.0655310259411914,0.9437059262198515,1.2030827990994182
25,7.161995425646603,151.08659647227947,140,577,105.78824578960443,166.1104986485884,continuous_central95,ESTIMATED,0.06772330473192303,0.06623218965827006,-0.06208940161572099,0.19753601107956706,0.3065379502285522,753678971043.9507,2.0,0.004386697893978745,3.3686335400496104e-09,1.070069184432755,0.9397988634983864,1.218396939968791
25,7.161995425646603,151.70307838113308,140,577,105.78824578960443,166.1104986485884,continuous_central95,ESTIMATED,0.0720067122856975,0.07056784269478925,-0.06630371786316774,0.21031714243456273,0.3075435932044352,428811437249.39136,2.0,0.004979812817924262,5.069781504952746e-09,1.0746625574817186,0.9358465877979807,1.2340693736679562
25,7.161995425646603,152.31956028998667,140,577,105.78824578960443,166.1104986485884,continuous_central95,ESTIMATED,0.07631978006532823,0.07494927403263847,-0.07057809770672603,0.2232176578373825,0.308542163580201,269498773304.26862,2.0,0.005617382857291922,7.213818408465514e-09,1.079307660052589,0.931854960948466,1.2500926365864111
25,7.161995425646603,152.93604219884025,140,577,105.78824578960443,166.1104986485884,continuous_central95,ESTIMATED,0.08065877467381538,0.0793715900132712,-0.07490668314890739,0.23622423249653815,0.3095259692642044,182417864260.17844,2.0,0.006299834551083432,9.833434252800979e-09,1.084000944875907,0.9278300644688556,1.266458259427637
25,7.161995425646603,153.55252410769384,140,577,105.78824578960443,166.1104986485884,continuous_central95,ESTIMATED,0.08501996271415879,0.08382975133346696,-0.07928333073390559,0.24932325616222317,0.310488302283967,130782235535.44058,2.0,0.007027407776430647,1.295480017214302e-08,1.0887388006629348,0.9237781526208885,1.2831567543635394
25,7.161995425646603,154.16900601654746,140,577,105.78824578960443,166.1104986485884,continuous_central95,ESTIMATED,0.08939961078935861,0.08831859212901486,-0.08370164895092742,0.26250087052964466,0.31142332001022477,98168405550.93222,2.0,0.007800148820291546,1.6596906492764894e-08,1.093517550438224,0.9197056102998281,1.3001776000111427
25,7.161995425646603,154.78548792540104,140,577,105.78824578960443,166.1104986485884,continuous_central95,ESTIMATED,0.09379398550241447,0.0928328373083162,-0.08815503220742996,0.27574300321225886,0.3123259400456876,76508382581.09691,2.0,0.008617904526207044,2.077100350602852e-08,1.0983334499939716,0.9156189152977101,1.3175092248759677
25,7.161995425646603,155.40196983425466,140,577,105.78824578960443,166.1104986485884,continuous_central95,ESTIMATED,0.09819935345632665,0.09736711835284341,-0.09263669179744947,0.28903539871010275,0.31319174739501665,61526606329.1652,2.0,0.009480317516119184,2.5480144954185967e-08,1.1031826864702388,0.9115246045117056,1.3351389898900579
25,7.161995425646603,156.01845174310824,140,577,105.78824578960443,166.1104986485884,continuous_central95,ESTIMATED,0.10261198125409461,0.10191598778161072,-0.09713968425144463,0.30236364675963384,0.31401691263850456,50813287483.89287,2.0,0.010386822487250083,3.071883422903485e-08,1.1080613770652468,0.9074292437054754,1.3530531706582718
25,7.161995425646603,156.63493365196183,140,577,105.78824578960443,166.1104986485884,continuous_central95,ESTIMATED,0.10702813560470203,0.10647393260332014,-0.10165693759603286,0.31571320880543696,0.3147981201209105,42939113029.86677,2.0,0.011336643614855268,3.6472774060466915e-08,1.1129655679980792,0.9033394003033955,1.3712369405488791
25,7.161995425646603,157.25141556081542,140,577,105.78824578960443,166.1104986485884,continuous_central95,ESTIMATED,0.11144481434293088,0.11103639060403787,-0.10618251222142214,0.32907214090728387,0.3155337060192936,37010458009.0414,2.0,0.012329015951593813,4.272451910401383e-08,1.1178920506959036,0.8992605070647278,1.3896781046108386
25,7.161995425646603,157.86789746966903,140,577,105.78824578960443,166.1104986485884,continuous_central95,ESTIMATED,0.11586149308115999,0.11560220030973756,-0.1107146560679662,0.34243764223028617,0.31622625694547485,32433107571.55792,2.0,0.013363794510641097,4.947054105958853e-08,1.1228403402065081,0.8951941507075207,1.4083765277047569
25,7.161995425646603,158.48437937852262,140,577,105.78824578960443,166.1104986485884,continuous_central95,ESTIMATED,0.1202781718193889,0.12017097968418537,-0.11525262035840082,0.3558089639971786,0.3168790261497484,28819320030.77178,2.0,0.014440979291997003,5.67108399271639e-08,1.1278105330565857,0.8911409951118733,1.4273348498726617
25,7.161995425646603,159.10086128737623,140,577,105.78824578960443,166.1104986485884,continuous_central95,ESTIMATED,0.12469485055761802,0.12474240242910668,-0.11979576555985343,0.36918546667508945,0.3174950217768966,25911337950.304344,2.0,0.01556057029566164,6.444541570679011e-08,1.1328027262001,0.8871015949147468,1.4465558667039733
25,7.161995425646603,159.71734319622982,140,577,105.78824578960443,166.1104986485884,continuous_central95,ESTIMATED,0.12911152929584682,0.1293161882095102,-0.12434354222583247,0.38256660081752614,0.3180770113283209,23532481366.91056,2.0,0.016722567521634868,7.267426839840925e-08,1.1378170170201756,0.8830764147287908,1.4660425107359418
25,7.161995425646603,160.3338251050834,140,577,105.78824578960443,166.1104986485884,continuous_central95,ESTIMATED,0.13352820803407572,0.13389209486005435,-0.1288954757209847,0.39595189178913615,0.3186275327257833,21558383021.338783,2.0,0.01792697096991679,8.139739800208293e-08,1.1428535033309988,0.8790658444673104,1.4857978367563651
25,7.161995425646603,160.950307013937,140,577,105.78824578960443,166.1104986485884,continuous_central95,ESTIMATED,0.1379448867723046,0.13846991212069915,-0.1334511539431994,0.4093409274878086,0.3191489088185017,19899438971.398075,2.0,0.019173780640507364,9.061480451775764e-08,1.147912283379725,0.8750702116629657,1.505825010121095
25,7.161995425646603,161.5667889227906,140,577,105.78824578960443,166.1104986485884,continuous_central95,ESTIMATED,0.14236156551053372,0.14304945656359072,-0.13801021738048444,0.42273334840155186,0.31964326337354104,18489753105.80008,2.0,0.02046299653340671,1.0032648794546696e-07,1.1529934558483959,0.8710897914444943,1.5261272974221691
25,7.161995425646603,162.1832708316442,140,577,105.78824578960443,166.1104986485884,continuous_central95,ESTIMATED,0.1467782442487626,0.1476305674556834,-0.1425723510018552,0.4361288394993804,0.320112537352157,17279972968.49955,2.0,0.021794618648614657,1.1053244828519971e-07,1.1580971198558627,0.86712481467357,1.546708059004558
25,7.161995425646603,162.7997527404978,140,577,105.78824578960443,166.1104986485884,continuous_central95,ESTIMATED,0.15119492298699172,0.15221310336222585,-0.14713727760028844,0.4495271235742719,0.32055850476110326,16232529196.41744,2.0,0.023168646986131344,1.2123268553692855e-07,1.1632233749597225,0.8631754746248318,1.567570742948634
25,7.161995425646603,163.4162346493514,140,577,105.78824578960443,166.1104986485884,continuous_central95,ESTIMATED,0.1556116017252206,0.15679693934116246,-0.15170475229385155,0.46292795574429274,0.32098278767757776,15318400322.26081,2.0,0.02458508154595663,1.324271997007069e-07,1.1683723211582575,0.8592419325038286,1.588718880223704
25,7.161995425646603,164.03271655820498,140,577,105.78824578960443,166.1104986485884,continuous_central95,ESTIMATED,0.16002828046344952,0.16138196461214852,-0.15627455795705492,0.47633111888395396,0.3213868702425848,14514869341.286518,2.0,0.026043922328090593,1.441159907765236e-07,1.1735440588923873,0.8553243220315317,1.6101560807841122
25,7.161995425646603,164.64919846705857,140,577,105.78824578960443,166.1104986485884,continuous_central95,ESTIMATED,0.1644449592016783,0.16596808060925847,-0.16084650140423118,0.48973641980758775,0.32177211154024726,13803939348.580929,2.0,0.027545169332533165,1.562990587643184e-07,1.1787386890476284,0.8514227532741632,1.631886030429255
25,7.161995425646603,165.26568037591218,140,577,105.78824578960443,166.1104986485884,continuous_central95,ESTIMATED,0.1688616379399074,0.17055519934581317,-0.16542041018465456,0.5031436860644694,0.32213975735597256,13171195915.329676,2.0,0.029088822559284574,1.6897640366421478e-07,1.1839563129560613,0.8475373158590824,1.6539124882869183
25,7.161995425646603,165.88216228476577,140,577,105.78824578960443,166.1104986485884,continuous_central95,ESTIMATED,0.1732783166781363,0.17514324203457804,-0.1699961298781804,0.5165527632344531,0.3224909508511222,12604977785.85021,2.0,0.03067488200834457,1.8214802547605457e-07,1.1891970323983072,0.843668081688317,1.6762392848084493
25,7.161995425646603,166.49864419361938,140,577,105.78824578960443,166.1104986485884,continuous_central95,OUTSIDE_OBSERVED_SUPPORT,,,,,,,,,,,,
25,7.161995425646603,167.11512610247297,140,577,105.78824578960443,166.1104986485884,continuous_central95,OUTSIDE_OBSERVED_SUPPORT,,,,,,,,,,,,
50,10.617945138456658,105.46693521711336,140,578,102.50020485680798,166.837860190954,continuous_central95,ESTIMATED,-0.14900272904808826,0.19296439096338314,-0.5272060157363125,0.22920055764013608,0.4400094158647888,15207452.95099647,2.0,0.037225707878777596,6.365534061187749e-06,0.8615667636386207,0.5902518222699523,1.2575942338509827
50,10.617945138456658,106.08341712596696,140,578,102.50020485680798,166.837860190954,continuous_central95,ESTIMATED,-0.14625242066032174,0.18890339929431532,-0.5164963091902639,0.2239914678696205,0.4388018703978368,15265422.247512875,2.0,0.03567536101936762,6.088830386607759e-06,0.8639395994546846,0.5966072175381746,1.2510603451728477
50,10.617945138456658,106.69989903482055,140,578,102.50020485680798,166.837860190954,continuous_central95,ESTIMATED,-0.14350211227255527,0.1848450763530563,-0.5057918332536988,0.21878760870858827,0.4375499155346661,15327118.842636837,2.0,0.03415897483930401,5.818275108804172e-06,0.866318970283527,0.6030278887926649,1.2445669134403052
50,10.617945138456658,107.31638094367415,140,578,102.50020485680798,166.837860190954,continuous_central95,ESTIMATED,-0.14075180388478875,0.1807896018606388,-0.4950929401733229,0.2135893324037454,0.43625117972071664,15392888.81919156,2.0,0.03267654933858663,5.5538682277765195e-06,0.8687048941231873,0.6095142563031499,1.2381140970363849
50,10.617945138456658,107.93286285252775,140,578,102.50020485680798,166.837860190954,continuous_central95,ESTIMATED,-0.13800149549702223,0.1767371719017561,-0.484400014268025,0.20839702327398052,0.43490313277238307,15463120.554848865,2.0,0.031228084517215603,5.295609743525551e-06,0.8710973890212729,0.6160667171399522,1.2317020868817679
50,10.617945138456658,108.54934476138133,140,578,102.50020485680798,166.837860190954,continuous_central95,ESTIMATED,-0.13525118710925577,0.17268800081266497,-0.4737134756290977,0.20321110141058618,0.4335030743011335,15538251.186457796,2.0,0.029813580375190902,5.043499656050709e-06,0.8734964730750959,0.6226856416217962,1.225331110072483
50,10.617945138456658,109.16582667023494,140,578,102.50020485680798,166.837860190954,continuous_central95,ESTIMATED,-0.13250087872148925,0.16864232333391432,-0.4630337843395092,0.1980320268965307,0.432048121475344,15618774.270219877,2.0,0.028433036912512477,4.797537965352266e-06,0.8759021644318107,0.6293713692529662,1.2190014340292694
50,10.617945138456658,109.78230857908854,140,578,102.50020485680798,166.837860190954,continuous_central95,ESTIMATED,-0.12975057033372273,0.16460039707177962,-0.4523614452982254,0.19286030463077997,0.43053519617301284,15705248.899492368,2.0,0.02708645412918037,4.557724671430133e-06,0.8783144812885498,0.6361242040649406,1.2127133712434874
50,10.617945138456658,110.39879048794212,140,578,102.50020485680798,166.837860190954,continuous_central95,ESTIMATED,-0.12700026194595626,0.16056250532068822,-0.44169701375206216,0.18769648986014964,0.4289610116207897,15798310.608573511,2.0,0.025773832025194607,4.324059774284145e-06,0.8807334418925631,0.6429444092613436,1.2064672847207516
50,10.617945138456658,111.01527239679572,140,578,102.50020485680798,166.837860190954,continuous_central95,ESTIMATED,-0.12424995355818973,0.15652896030915808,-0.43104110165760784,0.18254119454122836,0.42732205867341,15898684.476986948,2.0,0.024495170600555116,4.096543273914632e-06,0.8831590645413546,0.6498322010452163,1.2002635942432918
50,10.617945138456658,111.63175430564932,140,578,102.50020485680798,166.837860190954,continuous_central95,ESTIMATED,-0.12149964517042319,0.15250010694428193,-0.4203943850202785,0.17739509467943207,0.4256145919686331,16007200.960887345,2.0,0.02325046985526194,3.875175170321352e-06,0.8855913675828218,0.6567877414833647,1.1941027835962994
50,10.617945138456658,112.24823621450292,140,578,102.50020485680798,166.837860190954,continuous_central95,ESTIMATED,-0.11874933678265666,0.14847632714513898,-0.40975761238764813,0.17225893882233484,0.4238346163039622,16124815.125132361,2.0,0.022039729789315073,3.6599554635044585e-06,0.8880303694153936,0.6638111302327702,1.1879854089332802
50,10.617945138456658,112.86471812335651,140,578,102.50020485680798,166.837860190954,continuous_central95,ESTIMATED,-0.11599902839489021,0.1444580448744366,-0.39913161471128644,0.16713355792150605,0.42197787373375545,16252630.143810812,2.0,0.02086295040271454,3.450884153463838e-06,0.8904760884881701,0.6709023949173519,1.1819121084921362
50,10.617945138456658,113.48120003221011,140,578,102.50020485680798,166.837860190954,continuous_central95,ESTIMATED,-0.11324872000712369,0.140445732001085,-0.38851731683719404,0.16201987682294663,0.42003983209365486,16391926.195674196,2.0,0.0197201316954603,3.2479612401995284e-06,0.8929285433010619,0.6780614798979615,1.175883613919112
50,10.617945138456658,114.09768194106371,140,578,102.50020485680798,166.837860190954,continuous_central95,ESTIMATED,-0.11049841161935715,0.13643991515549223,-0.3779157509419346,0.1569189277032203,0.4180156759439357,16544196.228638228,2.0,0.01861127366755235,3.0511867237115635e-06,0.8953877524049303,0.6852882331220275,1.1699007635141938
50,10.617945138456658,114.7141638499173,140,578,102.50020485680798,166.837860190954,continuous_central95,ESTIMATED,-0.10774810323159069,0.13244118377565475,-0.367328072302685,0.15183186583950364,0.41590030131268924,16711190.539113037,2.0,0.017536376318990757,2.860560603999841e-06,0.8978537344017271,0.6925823906687911,1.163964517782033
50,10.617945138456658,115.3306457587709,140,578,102.50020485680798,166.837860190954,continuous_central95,ESTIMATED,-0.10499779484382418,0.12845019958761075,-0.3567555778785825,0.14675998819093414,0.4136883161525532,16894972.757968165,2.0,0.01649543964977544,2.6760828810644636e-06,0.9003265079446359,0.6999435585176851,1.158075977760858
50,10.617945138456658,115.9471276676245,140,578,102.50020485680798,166.837860190954,continuous_central95,ESTIMATED,-0.10224748645605765,0.1244677078211003,-0.34619972829301837,0.1417047553809031,0.4113740491552501,17097990.729305815,2.0,0.015488463659906433,2.497753554905459e-06,0.9028060917382127,0.7073711909560519,1.1522364067131832
50,10.617945138456658,116.56360957647809,140,578,102.50020485680798,166.837860190954,continuous_central95,ESTIMATED,-0.09949717890062829,0.1204945555284341,-0.3356621845703033,0.13666782676904674,0.4089515860734795,17323165.535707302,2.0,0.014515449552617937,2.325572917967461e-06,0.9052925037850191,0.7148645573083434,1.1464472661719183
50,10.617945138456658,117.18009148533169,140,578,102.50020485680798,166.837860190954,continuous_central95,ESTIMATED,-0.09674703068890014,0.1165326358000807,-0.325146815611303,0.1316527542335027,0.4064177882317673,17573703.383851722,2.0,0.013576615814603215,2.1595946073564552e-06,0.9077856189922077,0.7224212831335579,1.1407121430234972
50,10.617945138456658,117.79657339418529,140,578,102.50020485680798,166.837860190954,continuous_central95,ESTIMATED,-0.09399754333279366,0.11258592017893437,-0.3146619070102399,0.12666682034465254,0.40377623369302756,17852715.079976305,2.0,0.012672589458652659,1.9999759231497325e-06,0.9102849985053243,0.730035652486094,1.1350387829444017
50,10.617945138456658,118.41305530303887,140,578,102.50020485680798,166.837860190954,continuous_central95,ESTIMATED,-0.09124926342022208,0.10865860174154233,-0.30421622363547857,0.12171769679503441,0.40103205520306884,18163715.890433274,2.0,0.01180392143834657,1.8468627203573945e-06,0.9127901573434907,0.7377013407388061,1.12943521359026
50,10.617945138456658,119.02953721189247,140,578,102.50020485680798,166.837860190954,continuous_central95,ESTIMATED,-0.08850273753909854,0.104754809638797,-0.29381840506346346,0.1168129299852664,0.3981912113663837,18510787.80647188,2.0,0.010971019582764065,1.7003731310224118e-06,0.9153006050613747,0.7454118421695858,1.1239091603204225
50,10.617945138456658,119.64601912074608,140,578,102.50020485680798,166.837860190954,continuous_central95,ESTIMATED,-0.08575851227733633,0.1008785963798138,-0.2834769406555828,0.11195991610091019,0.39526058875890896,18898687.17305441,2.0,0.010174150310892825,1.5605977790375003e-06,0.917815845718891,0.7531604893269506,1.1184680271869643
50,10.617945138456658,120.26250102959966,140,578,102.50020485680798,166.837860190954,continuous_central95,ESTIMATED,-0.08301713422284868,0.09703392385652561,-0.27320014216688104,0.10716587372118366,0.3922481120175038,19332976.94613305,2.0,0.009413440978882623,1.4276000742568127e-06,0.9203353778535676,0.7609404761117077,1.1131188763370827
50,10.617945138456658,120.87898293845326,140,578,102.50020485680798,166.837860190954,continuous_central95,ESTIMATED,-0.08027914996354871,0.09322464794796229,-0.26299611357100494,0.10243781364390755,0.38916286161306796,19820190.081657566,2.0,0.008688882860142652,1.301416585904055e-06,0.9228586944556274,0.7687448849777654,1.1078684054684516
50,10.617945138456658,121.49546484730686,140,578,102.50020485680798,166.837860190954,continuous_central95,ESTIMATED,-0.0775451060873497,0.08945450153304625,-0.2528727177658983,0.0977825055911989,0.3860151987078569,20368032.521972608,2.0,0.008000334758282861,1.1820574952756567e-06,0.9253852829458425,0.7765667186803991,1.1027229229549151
50,10.617945138456658,122.11194675616045,140,578,102.50020485680798,166.837860190954,continuous_central95,ESTIMATED,-0.07481554918216493,0.08572707573217817,-0.24283753980798498,0.09320644144365511,0.3828168961090536,20985636.87311361,2.0,0.007347527252898999,1.0695071277400919e-06,0.9279146251562105,0.7843989370225983,1.0976883202405268
50,10.617945138456658,122.72842866501405,140,578,102.50020485680798,166.837860190954,continuous_central95,ESTIMATED,-0.0720910258359075,0.08204579919196085,-0.23289784631097377,0.08871579463915875,0.37958127384777024,21683881.41145005,2.0,0.0067300675782015155,9.637245640327276e-07,0.930446197313511,0.7922344990674758,1.0927700410853194
50,10.617945138456658,123.34491057386765,140,578,102.50020485680798,166.837860190954,continuous_central95,ESTIMATED,-0.0693720826364907,0.07841391522545406,-0.22306054064157652,0.08431637536859513,0.3763233373232836,22475793.876224108,2.0,0.006147445134488427,8.646443308460129e-07,0.9329794700257931,0.8000664112944915,1.0879730472389633
50,10.617945138456658,123.96139248272124,140,578,102.50020485680798,166.837860190954,continuous_central95,ESTIMATED,-0.06665926617182777,0.07483445662405787,-0.2133321135517001,0.08001358120804455,0.3730599152455892,23377066.10469423,2.0,0.005599037632461925,7.721771707159748e-07,0.9355139082718499,0.8078877821760686,1.0833017801219027
50,10.617945138456658,124.57787439157484,140,578,102.50020485680798,166.837860190954,continuous_central95,ESTIMATED,-0.06395312302983183,0.07131021796857473,-0.20371858890911332,0.07581234284944965,0.36980979377678014,24406714.68232699,2.0,0.005084117870388833,6.862108912037097e-07,0.9380489713937359,0.815691883634905,1.0787601181118236
50,10.617945138456658,125.19435630042844,140,578,102.50020485680798,166.837860190954,continuous_central95,ESTIMATED,-0.06125419979841616,0.06784372528867401,-0.19422546423107495,0.07171706463424264,0.3665938423081117,25587935.477383118,2.0,0.004601861144105006,6.066112933731121e-07,0.9405841130923784,0.823472219805911,1.0743513290713025
50,10.617945138456658,125.81083820928202,140,578,102.50020485680798,166.837860190954,continuous_central95,ESTIMATED,-0.05856304306549404,0.0644372029547593,-0.18485764579356387,0.0677315596625758,0.36343512521464205,26949217.771347765,2.0,0.004151353289863495,5.332231795639069e-07,0.9431187814263422,0.8312226034643665,1.0700780178161255
50,10.617945138456658,126.42732011813563,140,578,102.50020485680798,166.837860190954,continuous_central95,ESTIMATED,-0.055880199418978566,0.06109253773733133,-0.17561937818889684,0.06385897935093972,0.360358992708224,28525808.998409234,2.0,0.003731599360026562,4.658714404604666e-07,0.945652418813799,0.8389372403869594,1.065942068319571
50,10.617945138456658,127.04380202698923,140,578,102.50020485680798,166.837860190954,continuous_central95,ESTIMATED,-0.053206215446783,0.05781124003975182,-0.16651416834330768,0.06010173744974169,0.35739314257329935,30361657.32809469,2.0,0.003341532931601619,4.043622214563583e-07,0.9481844620377582,0.8466108217776931,1.0619445805831083
50,10.617945138456658,127.66028393584281,140,578,102.50020485680798,166.837860190954,continuous_central95,ESTIMATED,-0.050541637736820626,0.054594402404215585,-0.15754470419010505,0.056461428716463806,0.35456764313307687,32512011.683261774,2.0,0.002980026047620949,3.4848416831448e-07,0.9507143422546138,0.8542386247090099,1.05808580228565
50,10.617945138456658,128.27676584469643,140,578,102.50020485680798,166.837860190954,continuous_central95,ESTIMATED,-0.0478870128770045,0.05144265551070866,-0.14871276842916592,0.05293874267515693,0.351914906269421,35046935.22515874,2.0,0.00264589979136526,2.980097521229047e-07,0.9532414850060614,0.8618166202931927,1.0543650555583728
50,10.617945138456658,128.89324775355,140,578,102.50020485680798,166.837860190954,continuous_central95,ESTIMATED,-0.04524288745524807,0.048356122036837666,-0.1400191480938086,0.04953337318331247,0.3494695977080395,38056101.059557095,2.0,0.002337935493431218,2.5269667354641225e-07,0.9557653102344397,0.869341589005135,1.0507806595252387
50,10.617945138456658,129.5097296624036,140,578,102.50020485680798,166.837860190954,continuous_central95,ESTIMATED,-0.04260980805946442,0.0453343689231712,-0.13146354099251967,0.04624392487359083,0.3472684700448525,41655406.81070809,2.0,0.00205488657164263,2.1228934637359432e-07,0.9582852323015524,0.8768112422226881,1.0473298496029233
50,10.617945138456658,130.12621157125722,140,578,102.50020485680798,166.837860190954,continuous_central95,ESTIMATED,-0.03998832127756666,0.04237635879232882,-0.12304446049205515,0.04306781793692184,0.34535010201281247,45996197.193536595,2.0,0.0017954910038056448,1.7652046035978754e-07,0.9608006600110225,0.8842243486372416,1.0440086949656475
50,10.617945138456658,130.7426934801108,140,578,102.50020485680798,166.837860190954,continuous_central95,ESTIMATED,-0.03737897369746826,0.039480401495461254,-0.11475914055022374,0.04000119315528722,0.3437545249903414,51278266.764695354,2.0,0.001558484433307771,1.4511262336553846e-07,0.9633109966342328,0.8915808637234124,1.0408120160420073
50,10.617945138456658,131.3591753889644,140,578,102.50020485680798,166.837860190954,continuous_central95,ESTIMATED,-0.034782311907082294,0.03664410699805399,-0.10660344337369808,0.03703881955953349,0.3425227141288772,57768400.338088475,2.0,0.0013426139075606433,1.1778008279081187e-07,0.9658156399399087,0.8988820599589689,1.037733304406047
50,10.617945138456658,131.975657297818,140,578,102.50020485680798,166.837860190954,continuous_central95,ESTIMATED,-0.03219888249432187,0.033864341054806,-0.09857177254232281,0.03417400755367907,0.34169591548517775,65827106.51655305,2.0,0.001146652249286762,9.423052630488998e-08,0.9683139822273908,0.906130654979556,1.0347646479284187
50,10.617945138456658,132.5921392066716,140,578,102.50020485680798,166.837860190954,continuous_central95,ESTIMATED,-0.029629232047100447,0.031137185343136895,-0.09065699487218717,0.03139853077798629,0.3413147696555346,75947574.86757326,2.0,0.0009694130606500515,7.416696187180813e-08,0.9708054103636549,0.9133309343714457,1.0318966645315122
50,10.617945138456658,133.20862111552518,140,578,102.50020485680798,166.837860190954,continuous_central95,ESTIMATED,-0.02707390715333112,0.02845790390639844,-0.08285037464550904,0.028702560338846807,0.3414181714185115,88812964.69708697,2.0,0.0008097663602302,5.728967707166224e-08,0.9732893058241271,0.9204888653895917,1.029118448304831
50,10.617945138456658,133.8251030243788,140,578,102.50020485680798,166.837860190954,continuous_central95,ESTIMATED,-0.024533454400927,0.025820917881777716,-0.07514152407824111,0.026074615276387113,0.34204176275916587,105381152.64163204,2.0,0.000666654852840932,4.3298277717426736e-08,0.9757650447373474,0.927612197577285,1.0264175320440965
50,10.617945138456658,134.44158493323238,140,578,102.50020485680798,166.837860190954,continuous_central95,ESTIMATED,-0.02200842037780152,0.023219790543860773,-0.06751837400602759,0.023501533250424547,0.3432158688698853,127010019.61334567,2.0,0.0005391108321921149,3.1893805767506726e-08,0.9782319979335301,0.9347105460810378,1.0237798704563468
50,10.617945138456658,135.05806684208596,140,578,102.50020485680798,166.837860190954,continuous_central95,ESTIMATED,-0.019499351671867796,0.020647224699713616,-0.059967168778718265,0.020968465434982674,0.3449624955705244,155639945.55059248,2.0,0.0004262737163956631,2.2780936533957202e-08,0.980689530997072,0.9417954533716105,1.0211898483521051
50,10.617945138456658,135.67454875093958,140,578,102.50020485680798,166.837860190954,continuous_central95,ESTIMATED,-0.01700679487103892,0.018095074514854342,-0.0524724894389387,0.01845889969686086,0.34729056537180475,194046961.85946953,2.0,0.0003274082163153516,1.5670255186372857e-08,0.9831370043230557,0.9488804249296034,1.0186303182943417
50,10.617945138456658,136.29103065979317,140,578,102.50020485680798,166.837860190954,continuous_central95,ESTIMATED,-0.014531296563228348,0.015554374229755944,-0.04501731000551677,0.01595471687906008,0.3501874687351111,246144237.13230634,2.0,0.00024192313676046868,1.0280612551438847e-08,0.9855737731777965,0.9559809336546403,1.0160826729697443
50,10.617945138456658,136.90751256864675,140,578,102.50020485680798,166.837860190954,continuous_central95,ESTIMATED,-0.012073394005314772,0.013015399683452045,-0.0375831087266264,0.013436320715996859,0.35360276858830736,317160232.5885135,2.0,0.0001693911168364919,6.341389007818996e-09,0.9879991969825334,0.9631143711856002,1.0135269937219324
50,10.617945138456658,137.52399447750037,140,578,102.50020485680798,166.837860190954,continuous_central95,ESTIMATED,-0.009633189115140963,0.010468442706275878,-0.03015095985360442,0.010884581623322495,0.35746185962968985,414302163.11742675,2.0,0.00010958290868826584,3.58933754320054e-09,0.9904130614185989,0.9702990462899583,1.0109440341915266
50,10.617945138456658,138.14047638635395,140,578,102.50020485680798,166.837860190954,continuous_central95,ESTIMATED,-0.007210172292921601,0.007904963376859605,-0.022703615844843837,0.008283271259000635,0.36171240336753546,548817923.4977688,2.0,6.248577860524891e-05,1.7782561618043798e-09,0.992815758639733,0.9775521718162483,1.0083176724696272
50,10.617945138456658,138.75695829520754,140,578,102.50020485680798,166.837860190954,continuous_central95,ESTIMATED,-0.004803788091638339,0.005317356291966234,-0.015225614933958536,0.0056180387506818575,0.3663048184717185,737719295.864743,2.0,2.8273236947166252e-05,6.939923644285848e-10,0.9952077316448701,0.9848897087081143,1.0056338495250312
50,10.617945138456658,139.37344020406115,140,578,102.50020485680798,166.837860190954,continuous_central95,ESTIMATED,-0.002413481064272839,0.0026989002754276487,-0.007703228408333808,0.00287626627978813,0.37119022822826986,1007074624.2728857,2.0,7.283833164910664e-06,1.530211951827158e-10,0.9975894290395201,0.992326365417533,1.0028804067023451
50,10.617945138456658,139.98992211291474,140,578,102.50020485680798,166.837860190954,continuous_central95,ESTIMATED,-3.869576380709613e-05,4.373909767993341e-05,-0.0001244228200502858,4.703129243609354e-05,0.37632111892626513,1397628885.9931974,2.0,1.9130574925216665e-09,3.411555539342435e-14,0.9999613049848644,0.9998755849201477,1.0000470323984247
50,10.617945138456658,140.0,140,578,102.50020485680798,166.837860190954,continuous_central95,ESTIMATED,0.0,0.0,0.0,0.0,,inf,2.0,0.0,0.0,1.0,1.0,1.0
50,10.617945138456658,140.60640402176833,140,578,102.50020485680798,166.837860190954,continuous_central95,ESTIMATED,0.002321123256777232,0.0026531468048365103,-0.002878948929587501,0.007521195443141965,0.38165188197346667,1974487781.3338592,2.0,7.039029553366032e-06,1.0560976543442586e-10,1.0023238191487929,0.9971251912697882,1.0075495506774304
50,10.617945138456658,141.22288593062194,140,578,102.50020485680798,166.837860190954,continuous_central95,ESTIMATED,0.004666531444498481,0.005395975626897018,-0.005909386450176104,0.015242449339173066,0.3871392399344629,2844292848.623389,2.0,2.911600701615004e-05,3.639666110791879e-10,1.0046774366589364,0.9941080396312192,1.015359207944859
50,10.617945138456658,141.83936783947553,140,578,102.50020485680798,166.837860190954,continuous_central95,ESTIMATED,0.00699808424637466,0.00818820464271262,-0.00905050195602535,0.02304667044877467,0.392742561439102,4186689423.690665,2.0,6.704565907472045e-05,6.907974800454868e-10,1.0070226280577501,0.9909903305590325,1.0233142969702558
50,10.617945138456658,142.45584974832911,140,578,102.50020485680798,166.837860190954,continuous_central95,ESTIMATED,0.009316337109424113,0.011032574121965894,-0.012307110830542665,0.03093978504939089,0.39842407351840836,6314154546.978854,2.0,0.00012171615997769691,1.0211859830636515e-09,1.0093598692597026,0.9877683119287988,1.0314233949078155
50,10.617945138456658,143.07233165718273,140,578,102.50020485680798,166.837860190954,continuous_central95,ESTIMATED,0.011621845480665173,0.013931153250163537,-0.015682713156138978,0.038926404117469324,0.4041489824062033,9790677228.568567,2.0,0.00019407506947230778,1.3076048228678787e-09,1.011689641510623,0.9844396202483742,1.0396939636395977
50,10.617945138456658,143.68881356603632,140,578,102.50020485680798,166.837860190954,continuous_central95,ESTIMATED,0.013915164807115847,0.016885386824162754,-0.0191795852358251,0.047009914850056796,0.409885515264622,15679069684.331894,2.0,0.00028511401120762423,1.5179959899799885e-09,1.01401243134926,0.9810031727366414,1.0481324011037345
50,10.617945138456658,144.30529547488993,140,578,102.50020485680798,166.837860190954,continuous_central95,ESTIMATED,0.01619685053579459,0.019896141725507542,-0.022798870679314086,0.055192571750903266,0.41560489580669463,26087024087.47867,2.0,0.00039585400466221404,1.6339328454438073e-09,1.0163287305711062,0.9774590596806969,1.0567440941431325
50,10.617945138456658,144.92177738374352,140,578,102.50020485680798,166.837860190954,continuous_central95,ESTIMATED,0.018467458113719408,0.022963752391372376,-0.026540669524464343,0.06347558575190315,0.4212812665739971,45458927329.43109,2.0,0.0005273314505961247,1.6488640905135405e-09,1.018639036194536,0.9738084387040581,1.0655334712853823
50,10.617945138456658,145.5382592925971,140,578,102.50020485680798,166.837860190954,continuous_central95,ESTIMATED,0.02072754298790863,0.02608806469799445,-0.03040412424724894,0.07185921022306621,0.42689156987032595,83899160059.26732,2.0,0.0006805847700273094,1.5664396232947567e-09,1.0209438504293136,0.970053432211932,1.0745040542279232
50,10.617945138456658,146.1547412014507,140,578,102.50020485680798,166.837860190954,continuous_central95,ESTIMATED,0.022977660605380514,0.02926847784067034,-0.0343875018450586,0.08034282305581963,0.43241539823021274,166660751964.4348,2.0,0.0008566416967323873,1.3989182823357152e-09,1.0232436806475176,0.9661970289557732,1.0836585071231943
50,10.617945138456658,146.7712231103043,140,578,102.50020485680798,166.837860190954,continuous_central95,ESTIMATED,0.025218366413153365,0.03250398393671206,-0.038488271457081905,0.08892500428338863,0.43783482396868084,365108507757.7661,2.0,0.0010565072232718198,1.1656574771746834e-09,1.0255390393569361,0.9622429903818457,1.0929986830330563
50,10.617945138456658,147.3877050191579,140,578,102.50020485680798,166.837860190954,continuous_central95,ESTIMATED,0.027450215858245194,0.03579320519409357,-0.04270317721352275,0.09760360893001314,0.44313421594211444,917481269987.7013,2.0,0.0012811522005394282,8.916847058379355e-10,1.0278304441769799,0.9581957621970049,1.102525667150514
50,10.617945138456658,148.0041869280115,140,578,102.50020485680798,166.837860190954,continuous_central95,ESTIMATED,0.029673764387674474,0.039134428581018066,-0.04702830618670859,0.10637583496205755,0.44830005024551584,2835341218322.8594,2.0,0.0015315025908363645,6.063509592891239e-10,1.0301184178171667,0.9540603913965816,1.1122398165726273
50,10.617945138456658,148.6206688368651,140,578,102.50020485680798,166.837860190954,continuous_central95,ESTIMATED,0.03188956744845921,0.04252563800307279,-0.0514591514571594,0.11523828635407782,0.4533207202466406,12422270523456.33,2.0,0.0018084293744693694,3.420660128340083e-10,1.0324034880582207,0.9498424488497188,1.1221407965558479
50,10.617945138456658,149.23715074571868,140,578,102.50020485680798,166.837860190954,continuous_central95,ESTIMATED,0.034098180487617716,0.04596454404806962,-0.0559906704124046,0.12418703138764003,0.4581863501555764,111957030355785.64,2.0,0.002112739109873526,1.3311560447532964e-10,1.034686187735843,0.94554795742174,1.1322276132989695
50,10.617945138456658,149.85363265457227,140,578,102.50020485680798,166.837860190954,continuous_central95,ESTIMATED,0.036300158952168246,0.049448611397086166,-0.0606173384716375,0.133217656375974,0.4628886152726466,1.2533757642174496e+16,2.0,0.00244516514725929,1.4560500221643178e-11,1.036967054727198,0.9411833255259492,1.1424986433845963
50,10.617945138456658,150.47011456342588,140,578,102.50020485680798,166.837860190954,continuous_central95,ESTIMATED,0.03849605828912912,0.0529750840264568,-0.06533319848070931,0.14232531505896756,0.4674205711559865,7775312868054415.0,2.0,0.002806359495783989,2.121744634931457e-11,1.0392466319401639,0.9367552859336972,1.1529516600725311
50,10.617945138456658,151.08659647227947,140,578,102.50020485680798,166.837860190954,continuous_central95,ESTIMATED,0.04068643394551835,0.05654100834200444,-0.07013190605439013,0.15150477394542683,0.471776493199893,130280872444305.08,2.0,0.003196885344247603,1.867220086140138e-10,1.0415254673053986,0.9322708396271266,1.1635838566822476
50,10.617945138456658,151.70307838113308,140,578,102.50020485680798,166.837860190954,continuous_central95,ESTIMATED,0.042871841368354396,0.0601432543958425,-0.0750067711605344,0.16075045389724318,0.4759517275061429,19746415591589.133,2.0,0.0036172102353130807,5.426732984193193e-10,1.0438041137712686,0.9277372044497401,1.1743918673306246
50,10.617945138456658,152.31956028998667,140,578,102.50020485680798,166.837860190954,continuous_central95,ESTIMATED,0.045052836004655275,0.0637785353394206,-0.07995079624734987,0.17005646825666043,0.4799425534485644,5884917248481.099,2.0,0.004067699893250844,1.1178605859311342e-09,1.0460831293016868,0.9231617682924657,1.1853717853087358
50,10.617945138456658,152.93604219884025,140,578,102.50020485680798,166.837860190954,continuous_central95,ESTIMATED,0.0472299733014393,0.06744342526566685,-0.08495671121335174,0.17941665781623034,0.4837460579600969,2449403572977.462,2.0,0.00454861270520789,1.9375718001560858e-09,1.048363076876911,0.9185520465443918,1.1965191793905696
50,10.617945138456658,153.55252410769384,140,578,102.50020485680798,166.837860190954,continuous_central95,ESTIMATED,0.049403808705724715,0.0711343755892814,-0.0900170055121475,0.18882462292359695,0.48736002129475364,1245271083934.962,2.0,0.00506009485600108,3.0229839159595527e-09,1.0506445244973504,0.913915643535503,1.2078291083693238
50,10.617945138456658,154.16900601654746,140,578,102.50020485680798,166.837860190954,continuous_central95,ESTIMATED,0.051574897664529856,0.0748477301084529,-0.09512395767285745,0.19827375300191716,0.49078281381845257,723564586749.9596,2.0,0.0056021761164349645,4.390635228041414e-09,1.0529280451904255,0.9092602177017135,1.219296134115295
50,10.617945138456658,154.78548792540104,140,578,102.50020485680798,166.837860190954,continuous_central95,ESTIMATED,0.053743795624872706,0.07857973888422579,-0.10026966250317439,0.2077572537529198,0.49401330324796633,462663148582.0759,2.0,0.006174766285143837,6.051979511870169e-09,1.0552142170205348,0.904593450208812,1.2309143334447428
50,10.617945138456658,155.40196983425466,140,578,102.50020485680798,166.837860190954,continuous_central95,ESTIMATED,0.05591105803377175,0.08232657106603843,-0.10544605622695505,0.21726817229449855,0.497050771673417,317969096557.6079,2.0,0.0067776522839583676,8.013022071561703e-09,1.0575036231021722,0.8999230167804253,1.2426773090826295
50,10.617945138456658,156.01845174310824,140,578,102.50020485680798,166.837860190954,continuous_central95,ESTIMATED,0.058077240338245004,0.08608432678399065,-0.11064493979263658,0.2267994204691266,0.4998948416556662,231223262033.99045,2.0,0.007410495906796378,1.0274037674709891e-08,1.0597968516162477,0.895256562484938,1.2545781999946048
50,10.617945138456658,156.63493365196183,140,578,102.50020485680798,166.837860190954,continuous_central95,ESTIMATED,0.0602428979695428,0.08984904832341055,-0.11585800079075198,0.23634379672983757,0.5025454112773656,175978938479.6862,2.0,0.008072832240566385,1.2829370785672356e-08,1.0620944958129102,0.8906016790531319,1.2666096915911862
50,10.617945138456658,157.25141556081542,140,578,102.50020485680798,166.837860190954,continuous_central95,ESTIMATED,0.06240847758354407,0.09361744506632941,-0.12107834307271606,0.2458952982398042,0.5050065894308365,139021334877.60825,2.0,0.00876420251506599,1.567045414283657e-08,1.0643970382708299,0.8859645476889567,1.2787656775149718
50,10.617945138456658,157.86789746966903,140,578,102.50020485680798,166.837860190954,continuous_central95,ESTIMATED,0.06457405719754541,0.09738864381491004,-0.1263041771849191,0.2554522915800099,0.507295132573167,113173452671.54216,2.0,0.00948451975090863,1.8795465857130192e-08,1.0667045724708133,0.8813467204421638,1.2910454178116044
50,10.617945138456658,158.48437937852262,140,578,102.50020485680798,166.837860190954,continuous_central95,ESTIMATED,0.06673963681154671,0.10116233120437232,-0.13153488894367746,0.2650141625667709,0.5094283037420962,94409235398.07014,2.0,0.010233783948094228,2.2204405928551003e-08,1.0690171092345888,0.8767486857686674,1.3034494358373152
50,10.617945138456658,159.10086128737623,140,578,102.50020485680798,166.837860190954,continuous_central95,ESTIMATED,0.06890521642554809,0.10493823875277493,-0.1367699521340539,0.2745803849851501,0.5114211787194987,80360836700.76216,2.0,0.011011995106622856,2.5897274357092684e-08,1.0713346594073456,0.8721708440967822,1.3159783547179549
50,10.617945138456658,159.71734319622982,140,578,102.50020485680798,166.837860190954,continuous_central95,ESTIMATED,0.07107079603954936,0.1087161351299849,-0.14200891335731802,0.28415050543641673,0.5132869748779395,69567224888.54022,2.0,0.011819153226494423,2.98740711427674e-08,1.0736572338577839,0.8676135231021035,1.3286328821772988
50,10.617945138456658,160.3338251050834,140,578,102.50020485680798,166.837860190954,continuous_central95,ESTIMATED,0.07323637565355066,0.11249581996635884,-0.14725137989618303,0.29372413120328433,0.5150373238389991,61089756412.85775,2.0,0.012655258307708991,3.413479628556567e-08,1.0759848434781671,0.8630769899401883,1.3414137984086076
50,10.617945138456658,160.950307013937,140,578,102.50020485680798,166.837860190954,continuous_central95,ESTIMATED,0.07540195526755195,0.11627711885595213,-0.15249700992127696,0.30330092045638085,0.5166824985042517,54304266921.92785,2.0,0.013520310350266539,3.867944978549453e-08,1.0783174991843716,0.858561461118914,1.3543219463075684
50,10.617945138456658,161.5667889227906,140,578,102.50020485680798,166.837860190954,continuous_central95,ESTIMATED,0.0775675348815533,0.12005987929451954,-0.1577455045297695,0.3128805742928761,0.518231602897886,48783192695.798256,2.0,0.014414309354167137,4.350803164254239e-08,1.0806552119159394,0.8540671105236435,1.3673582235535044
50,10.617945138456658,162.1832708316442,140,578,102.50020485680798,166.837860190954,continuous_central95,ESTIMATED,0.07973311449555459,0.12384396735498855,-0.1629966012294201,0.3224628302205293,0.5196927315799947,44225964977.904816,2.0,0.015337255319410686,4.8620541856729474e-08,1.0829979926361275,0.8495940759850334,1.3805235761490213
50,10.617945138456658,162.7997527404978,140,578,102.50020485680798,166.837860190954,continuous_central95,ESTIMATED,0.08189869410955594,0.1276292649491797,-0.1682500685716478,0.33204745679075964,0.5210731040601654,40416429810.48381,2.0,0.016289148245997268,5.401698042803965e-08,1.0853458523319617,0.8451424646882801,1.3938189931193121
50,10.617945138456658,163.4162346493514,140,578,102.50020485680798,166.837860190954,continuous_central95,ESTIMATED,0.08406427372355721,0.1314156675588867,-0.17350570170453086,0.3416342491516453,0.5223791785880015,37195979220.26324,2.0,0.01726998813392679,5.969734735646743e-08,1.087698802014286,0.8407123576547568,1.407245502140168
50,10.617945138456658,164.03271655820498,140,578,102.50020485680798,166.837860190954,continuous_central95,ESTIMATED,0.0862298533375585,0.1352030823452752,-0.17876331866729545,0.35122302534241245,0.5236167488614815,34446124457.89986,2.0,0.018279774983199305,6.566164264202145e-08,1.0900568527178152,0.8363038134759471,1.420804165914811
50,10.617945138456658,164.64919846705857,140,578,102.50020485680798,166.837860190954,continuous_central95,ESTIMATED,0.08839543295155981,0.13899142656514538,-0.184022757286248,0.36081362318936766,0.5247910265288803,32076913215.356186,2.0,0.019318508793814776,7.190986628471753e-08,1.092420015501187,0.8319168714408698,1.4344960791583556
50,10.617945138456658,165.26568037591218,140,578,102.50020485680798,166.837860190954,continuous_central95,ESTIMATED,0.09056101256556115,0.14278062623759835,-0.18928387256148954,0.37040589769261184,0.5259067118290037,30019060280.402035,2.0,0.020386189565773337,7.844201828454126e-08,1.0947883014470128,0.8275515541685772,1.4483223660783326
50,10.617945138456658,165.88216228476577,140,578,102.50020485680798,166.837860190954,continuous_central95,ESTIMATED,0.09272659217956246,0.14657061501618526,-0.19454653445636816,0.3799997188154931,0.5269680542890247,28218494276.631104,2.0,0.02148281729907483,8.525809864148117e-08,1.0971617216619307,0.8232078698344986,1.4622841782625111
50,10.617945138456658,166.49864419361938,140,578,102.50020485680798,166.837860190954,continuous_central95,ESTIMATED,0.09489217179356378,0.15036133323058973,-0.1998106260192109,0.3895949696063385,0.5279789050571969,26632510337.076996,2.0,0.02260839199371941,9.235810735555377e-08,1.099540287276657,0.8188858140616811,1.47638269290298
50,10.617945138456658,167.11512610247297,140,578,102.50020485680798,166.837860190954,continuous_central95,OUTSIDE_OBSERVED_SUPPORT,,,,,,,,,,,,
75,16.473294766075902,105.46693521711336,140,577,106.64466951529297,167.7163726855831,continuous_central95,OUTSIDE_OBSERVED_SUPPORT,,,,,,,,,,,,
75,16.473294766075902,106.08341712596696,140,577,106.64466951529297,167.7163726855831,continuous_central95,OUTSIDE_OBSERVED_SUPPORT,,,,,,,,,,,,
75,16.473294766075902,106.69989903482055,140,577,106.64466951529297,167.7163726855831,continuous_central95,ESTIMATED,-0.23969796397285406,0.19748658003855424,-0.6267645652932616,0.14736863734755348,0.2248458699964995,27534279.09776818,2.0,0.03899351673705091,4.955038848916427e-06,0.7868654869045278,0.5343177576087305,1.1587810542783705
75,16.473294766075902,107.31638094367415,140,577,106.64466951529297,167.7163726855831,continuous_central95,ESTIMATED,-0.23433076419385004,0.1931229936523773,-0.6128448929376802,0.14418336454998013,0.2249861900987516,27601109.581657227,2.0,0.03728939155428358,4.732748648390268e-06,0.7911001050271836,0.5418072907230311,1.1550958927460182
75,16.473294766075902,107.93286285252775,140,577,106.64466951529297,167.7163726855831,continuous_central95,ESTIMATED,-0.22896356441484608,0.18876252232850446,-0.5989313259912998,0.1410041971616077,0.22514071816840736,27673073.77456691,2.0,0.03562451649633229,4.515559657903001e-06,0.7953575122935281,0.5493984503259028,1.1514294807102128
75,16.473294766075902,108.54934476138133,140,577,106.64466951529297,167.7163726855831,continuous_central95,ESTIMATED,-0.22359636463584223,0.1844053870444496,-0.5850242975620445,0.13783156829036006,0.22531102704581588,27750701.070468757,2.0,0.033998891563197076,4.303471877454628e-06,0.7996378313462779,0.5570923256623795,1.1477822110723044
75,16.473294766075902,109.16582667023494,140,577,106.64466951529297,167.7163726855831,continuous_central95,ESTIMATED,-0.21822916485683821,0.1800518299902515,-0.5711242823336192,0.13466595261994282,0.22549889761699735,27834590.598757725,2.0,0.03241251675487786,4.0964853070451475e-06,0.803941185488167,0.5648899857208088,1.1441545186880993
75,16.473294766075902,109.78230857908854,140,577,106.64466951529297,167.7163726855831,continuous_central95,ESTIMATED,-0.2128619650778343,0.17570211715086045,-0.5572318016268951,0.13150787147122647,0.22570635155519644,27925422.547048576,2.0,0.030865392071374675,3.894599946674561e-06,0.808267698685499,0.5727924744362407,1.1405468854690286
75,16.473294766075902,110.39879048794212,140,577,106.64466951529297,167.7163726855831,continuous_central95,ESTIMATED,-0.20749476529883043,0.17135654127106462,-0.5433474292110572,0.12835789861339636,0.2259356901029161,28023971.69252363,2.0,0.02935751751268756,3.6978157963427164e-06,0.8126174955717185,0.5808008051406527,1.1369598462408044
75,16.473294766075902,111.01527239679572,140,577,106.64466951529297,167.7163726855831,continuous_central95,ESTIMATED,-0.2021275655198264,0.1670154252699448,-0.5294717979958136,0.12521666695616074,0.22618954018185283,28131123.649496246,2.0,0.02788889307881644,3.5061328560499203e-06,0.8169907014510008,0.5889159541270876,1.133393995492535
75,16.473294766075902,111.63175430564932,140,577,106.64466951529297,167.7163726855831,continuous_central95,ESTIMATED,-0.19676036574082245,0.16267912618541464,-0.5156056077625507,0.12208487628090581,0.226470909431122,28247894.47642052,2.0,0.02645951876976136,3.319551125796017e-06,0.8213874423018617,0.5971388531677793,1.1298499951762957
75,16.473294766075902,112.24823621450292,140,577,106.64466951529297,167.7163726855831,continuous_central95,ESTIMATED,-0.19139316596181843,0.15834803974609435,-0.5017496341250416,0.11896330220140466,0.22678325217295514,28375454.46253755,2.0,0.025069394585522306,3.138070605580938e-06,0.8258078447807868,0.6054703807930849,1.1263285837503956
75,16.473294766075902,112.86471812335651,140,577,106.64466951529297,167.7163726855831,continuous_central95,ESTIMATED,-0.18602596618281458,0.1540226056883938,-0.4879047389507363,0.11585280658510716,0.22713054881596195,28515157.147451814,2.0,0.023718520526099324,2.9616912954048235e-06,0.8302520362258798,0.6139113520969405,1.122830586700687
75,16.473294766075902,113.48120003221011,140,577,106.64466951529297,167.7163726855831,continuous_central95,ESTIMATED,-0.18065876640381062,0.14970331396226752,-0.4740718825238183,0.11275434971619708,0.2275174018643332,28668574.93608167,2.0,0.022406896591492344,2.7904131952676676e-06,0.8347201446605309,0.6224625067835162,1.1193569288253058
75,16.473294766075902,114.09768194106371,140,577,106.64466951529297,167.7163726855831,continuous_central95,ESTIMATED,-0.1752915666248066,0.14539071200100487,-0.46025213779373064,0.10966900454411743,0.22794915255446854,28837543.085088447,2.0,0.02113452278170139,2.624236305169274e-06,0.8392122987971049,0.6311244951060883,1.1159086486318939
75,16.473294766075902,114.7141638499173,140,577,106.64466951529297,167.7163726855831,continuous_central95,ESTIMATED,-0.16992436684580275,0.14108541327034546,-0.44644670713113443,0.10659797343952893,0.22843202325292297,29024214.39535345,2.0,0.01990139909672651,2.463160625109839e-06,0.8437286280406481,0.63989786126938,1.1124869152761125
75,16.473294766075902,115.3306457587709,140,577,106.64466951529297,167.7163726855831,continuous_central95,ESTIMATED,-0.16455716706679882,0.13678810736244676,-0.4326569421117211,0.10354260797812351,0.22897329220927634,29231127.706261486,2.0,0.018707525536567626,2.3071861550892383e-06,0.8482692624926176,0.6487830237662057,1.1090930485706867
75,16.473294766075902,115.9471276676245,140,577,106.64466951529297,167.7163726855831,continuous_central95,ESTIMATED,-0.1591899672877948,0.13249957196371404,-0.41888436697272835,0.10050443239713877,0.2295815091856448,29461294.335374754,2.0,0.017552902101224777,2.156312895107592e-06,0.8528343329546278,0.6577802519922149,1.1057285427212449
75,16.473294766075902,116.56360957647809,140,577,106.64466951529297,167.7163726855831,continuous_central95,ESTIMATED,-0.15382277577023282,0.1282206927407758,-0.40513072585017895,0.09748517430971335,0.23026675849850348,29718306.36571961,2.0,0.016437530235305378,2.010541079373083e-06,0.8574239638486606,0.666889625446643,1.10239509767388
75,16.473294766075902,117.18009148533169,140,577,106.64466951529297,167.7163726855831,continuous_central95,ESTIMATED,-0.14845716583387486,0.12395352883589517,-0.39140162790858846,0.09448729624083876,0.23104004607720124,30006126.578762185,2.0,0.015361672440324999,1.8699136973971074e-06,0.8620369310128011,0.6761085574362486,1.0990952004035794
75,16.473294766075902,117.79657339418529,140,577,106.64466951529297,167.7163726855831,continuous_central95,ESTIMATED,-0.1430981152834328,0.11970248556326613,-0.3777106852103497,0.0915144546434841,0.23191199094486653,30328643.56823792,2.0,0.014326083214474568,1.7345570329111147e-06,0.8666690312461675,0.6854287766647389,1.095832616447851
75,16.473294766075902,118.41305530303887,140,577,106.64466951529297,167.7163726855831,continuous_central95,ESTIMATED,-0.13775104932971283,0.11547222639378935,-0.3640724632018831,0.08857036454245742,0.23289419891491567,30690234.733366776,2.0,0.01333142818537006,1.60458864565269e-06,0.8713155793450312,0.6948408425263426,1.0926111309880076
75,16.473294766075902,119.02953721189247,140,577,106.64466951529297,167.7163726855831,continuous_central95,ESTIMATED,-0.13242139318352064,0.11126735260377117,-0.35050140543047875,0.08565861906343747,0.23399962278141592,31095950.74210273,2.0,0.012378203598947356,1.480104336390772e-06,0.8759717887535851,0.7043348438508337,1.0894343526964034
75,16.473294766075902,119.64601912074608,140,577,106.64466951529297,167.7163726855831,continuous_central95,ESTIMATED,-0.1271145720556624,0.10709239036976195,-0.33701180825065,0.08278266413932522,0.23524271372805963,31551636.77297898,2.0,0.011466738307650041,1.361178306293987e-06,0.8806327709101636,0.7139004099379689,1.0863056897085932
75,16.473294766075902,120.26250102959966,140,577,106.64466951529297,167.7163726855831,continuous_central95,ESTIMATED,-0.12183601115694415,0.10295177651494859,-0.3236177928875803,0.07994577057369204,0.2366395893007013,32064080.16796568,2.0,0.010597196492521234,1.247863375125937e-06,0.885293534862017,0.7235267266002913,1.083228323231605
75,16.473294766075902,120.87898293845326,140,577,106.64466951529297,167.7163726855831,continuous_central95,ESTIMATED,-0.1165911356981717,0.09884984272160925,-0.31033327449410725,0.07715100309776385,0.23820821898775507,32641191.132550295,2.0,0.00976958111919948,1.1401912582701382e-06,0.8899489871584518,0.7332025577891437,1.0802051784059956
75,16.473294766075902,121.49546484730686,140,577,106.64466951529297,167.7163726855831,continuous_central95,ESTIMATED,-0.11138537089015108,0.09479079800894635,-0.2971719278079116,0.07440118602760945,0.23996862821636697,33292225.024674688,2.0,0.008983738127818996,1.0381729025802443e-06,0.8945939320321902,0.7429162734149659,1.07723889200876
75,16.473294766075902,122.11194675616045,140,577,106.64466951529297,167.7163726855831,continuous_central95,ESTIMATED,-0.10622414194368843,0.09077870926123288,-0.28414714898738935,0.0716988651000125,0.24194312118043537,34028057.291873656,2.0,0.008239361356813859,9.417988810608689e-07,0.8992230718787873,0.7526558840060495,1.0743317765554377
75,16.473294766075902,122.72842866501405,140,577,106.64466951529297,167.7163726855831,continuous_central95,ESTIMATED,-0.10111287406958952,0.08681747957868807,-0.27127201318015104,0.06904626504097197,0.24415652231175097,34861525.46664597,2.0,0.00753599820062636,8.510398463743242e-07,0.9038310080438937,0.7624090828775281,1.071485780335159
75,16.473294766075902,123.34491057386765,140,577,106.64466951529297,167.7163726855831,continuous_central95,ESTIMATED,-0.09605699247866042,0.08291082421423861,-0.2585592273599434,0.06644524240262256,0.2466364353134354,35807857.116615646,2.0,0.00687305600131961,7.658470431761045e-07,0.9084122419280389,0.772163296501333,1.0687024428948642
75,16.473294766075902,123.96139248272124,140,577,106.64466951529297,167.7163726855831,continuous_central95,ESTIMATED,-0.09106192238170724,0.07906224385516192,-0.2460210779596341,0.06389723319621962,0.24941351740098144,36885208.69710431,2.0,0.006249809174094172,6.861528792780591e-07,0.912961176418459,0.7819057437740784,1.0659828454824665
75,16.473294766075902,124.57787439157484,140,577,106.64466951529297,167.7163726855831,continuous_central95,ESTIMATED,-0.08613308898953573,0.07527499501190466,-0.23366937283436146,0.06140319485529,0.25252176462232717,38115348.471661754,2.0,0.005665407066708812,6.118715556394619e-07,0.9174721176572797,0.7916235048681257,1.0633275559683624
75,16.473294766075902,125.19435630042844,140,577,106.64466951529297,167.7163726855831,continuous_central95,ESTIMATED,-0.081275917512952,0.07155205729004795,-0.22151537711576358,0.058963542089859586,0.25599880170979494,39524527.90902207,2.0,0.0051188825528055235,5.428997551860482e-07,0.9219392771550977,0.8013036003149742,1.0607365677967246
75,16.473294766075902,125.81083820928202,140,577,106.64466951529297,167.7163726855831,continuous_central95,ESTIMATED,-0.07649583316276215,0.0678960973489952,-0.20956974257229852,0.05657807624677422,0.25988616668027775,41144601.46155732,2.0,0.004609161359138547,4.791173904566916e-07,0.9263567742586827,0.8109330809018224,1.0582092325801227
75,16.473294766075902,126.42732011813563,140,577,106.64466951529297,167.7163726855831,continuous_central95,ESTIMATED,-0.07179826114977192,0.06430942939664976,-0.19784243018022618,0.05424590788068234,0.26422957614458736,43014476.15298191,2.0,0.004135072126707563,4.203884100782368e-07,0.9307186389811373,0.8204991288524459,1.0557441860522438
75,16.473294766075902,127.04380202698923,140,577,106.64466951529297,167.7163726855831,continuous_central95,ESTIMATED,-0.06718862668478742,0.06079397213779663,-0.1863426257439747,0.05196537237439987,0.2690791517866435,45182002.527055375,2.0,0.003695357205795091,3.665616640678919e-07,0.9350188152024081,0.8299891706020893,1.0533392672440665
75,16.473294766075902,127.66028393584281,140,577,106.64466951529297,167.7163726855831,continuous_central95,ESTIMATED,-0.06267235497861474,0.057351202190101445,-0.17507864859315794,0.049733938635928454,0.2744895814847047,47706460.99795672,2.0,0.003288684184907951,3.1747182796387136e-07,0.9392511642475369,0.8393910012517124,1.050991430959844
75,16.473294766075902,128.27676584469643,140,577,106.64466951529297,167.7163726855831,continuous_central95,ESTIMATED,-0.05825487124205957,0.05398210411054309,-0.16405785363615938,0.04754811115204026,0.2805201798178566,50661858.031362616,2.0,0.0029136581536228375,2.729403857837079e-07,0.9434094688494657,0.8486929204884405,1.048696653911765
75,16.473294766075902,128.89324775355,140,577,106.64466951529297,167.7163726855831,continuous_central95,ESTIMATED,-0.0539416006859283,0.050687117341035474,-0.15328652737543386,0.045403326003577264,0.2872348019761299,54141333.04132069,2.0,0.0025688346993361835,2.3277667181039276e-07,0.947487437502578,0.8578838793763972,1.0464498352361753
75,16.473294766075902,129.5097296624036,140,577,106.64466951529297,167.7163726855831,continuous_central95,ESTIMATED,-0.04973796852102667,0.047466080587875964,-0.1427697788931934,0.04329384185114007,0.29470155209950827,58263101.49295749,2.0,0.0022527336379179258,1.9677897120644114e-07,0.9514787092124534,0.8669536369480667,1.0442446925669078
75,16.473294766075902,130.12621157125722,140,577,106.64466951529297,167.7163726855831,continuous_central95,ESTIMATED,-0.0456493999581605,0.04431817439593818,-0.1325114272988538,0.04121262738253277,0.30299221145108196,63178540.281357475,2.0,0.0019638534782696064,1.6473567945599992e-07,0.9553768586465424,0.8758929249587971,1.0420736553846144
75,16.473294766075902,130.7426934801108,140,577,106.64466951529297,167.7163726855831,continuous_central95,ESTIMATED,-0.04168132020813619,0.04124186296189245,-0.1225138876849983,0.03915124726872591,0.3121812929349765,69083284.07529573,2.0,0.0017006866207865646,1.3642652063455893e-07,0.9591754016896324,0.8846936185118748,1.039927757989269
75,16.473294766075902,131.3591753889644,140,577,106.64466951529297,167.7163726855831,continuous_central95,ESTIMATED,-0.03783915448175948,0.038234836542882185,-0.11277805825040912,0.037099749286890166,0.3223446048625143,76232583.22368987,2.0,0.0014617352897241585,1.1162382450674489e-07,0.9628678014070702,0.8933489095352676,1.0377965351396496
75,16.473294766075902,131.975657297818,140,577,106.64466951529297,167.7163726855831,continuous_central95,ESTIMATED,-0.03412832798983622,0.03529395614353728,-0.10330321188855923,0.035046555908886785,0.3335571751774903,84962725.65804464,2.0,0.001245528199468255,9.009386245194528e-08,0.9664474744177282,0.9018534793236024,1.0356679241387732
75,16.473294766075902,132.5921392066716,140,577,106.64466951529297,167.7163726855831,continuous_central95,ESTIMATED,-0.03055426594317271,0.03241520248391409,-0.09408689616656868,0.032978364280223264,0.34589033972736083,95721107.90347855,2.0,0.0010506379547098239,7.159824221771305e-08,0.9699077976776646,0.9102036655948821,1.0335281778733663
75,16.473294766075902,133.20862111552518,140,577,106.64466951529297,167.7163726855831,continuous_central95,ESTIMATED,-0.027122393552574786,0.029593631537306254,-0.08512484618087718,0.0308800590757276,0.3594077166537384,109108602.24047484,2.0,0.0008756991845235956,5.5895361501195355e-08,0.9732421156743147,0.9183976188085907,1.0313617939809014
75,16.473294766075902,133.8251030243788,140,577,106.64466951529297,167.7163726855831,continuous_central95,ESTIMATED,-0.02383813602884828,0.026823339151408377,-0.0764109152159736,0.02873464315827704,0.3741596326127526,125939157.48774672,2.0,0.0007194274103509399,4.274192035834801e-08,0.9764437480298755,0.926435441914047,1.0291514658558256
75,16.473294766075902,134.44158493323238,140,577,106.64466951529297,167.7163726855831,continuous_central95,ESTIMATED,-0.02070691858279946,0.024097437407855877,-0.06793702840993554,0.02652319124433663,0.3901752403253208,147322654.26080203,2.0,0.0005806386478868702,3.1894492441058664e-08,0.9795059975113013,0.934319307297176,1.026878061565569
75,16.473294766075902,135.05806684208596,140,577,106.64466951529297,167.7163726855831,continuous_central95,ESTIMATED,-0.017734166425234184,0.021408045440995234,-0.05969316475955731,0.024224831909088945,0.4074508416252522,174776183.13464645,2.0,0.00045826974287112364,2.3111155062125407e-08,0.9824221584430307,0.942053544468446,1.0245206369288185
75,16.473294766075902,135.67454875093958,140,577,106.64466951529297,167.7163726855831,continuous_central95,ESTIMATED,-0.014925304766958294,0.018746297515791602,-0.05166737295278803,0.02181676341887144,0.42593121560146224,210360183.33482045,2.0,0.00035139944078344215,1.6153178088153005e-08,0.9851855255171877,0.9496446918237541,1.0220564891744908
75,16.473294766075902,136.29103065979317,140,577,106.64466951529297,167.7163726855831,continuous_central95,ESTIMATED,-0.012285758818778034,0.016102371583107598,-0.043845827336101276,0.01927430969854521,0.44547638545374013,256799331.16126922,2.0,0.00025927019044298064,1.07867716602921e-08,0.9877894029945833,0.9571015049875031,1.019461258376284
75,16.473294766075902,136.90751256864675,140,577,106.64466951529297,167.7163726855831,continuous_central95,ESTIMATED,-0.009820861175421426,0.01346555387025083,-0.03621286189363003,0.016571139542787182,0.4657985193304622,317429965.37465334,2.0,0.0001813109639223026,6.784740216333555e-09,0.9902272059993139,0.9644349801760452,1.0167092024412272
75,16.473294766075902,137.52399447750037,140,577,106.64466951529297,167.7163726855831,continuous_central95,ESTIMATED,-0.007531623432222242,0.010824985218583171,-0.028748204658590605,0.013684957794146121,0.48657730846118113,396495714.63777286,2.0,0.0001171744201328477,3.923233130971884e-09,0.9924966681717475,0.9716610934038468,1.0137790254431938
75,16.473294766075902,138.14047638635395,140,577,106.64466951529297,167.7163726855831,continuous_central95,ESTIMATED,-0.005412987507586811,0.008170911131919435,-0.021427679085766503,0.010601704070592882,0.5076697409278602,500348948.452453,2.0,6.676080399965832e-05,1.9898173777569256e-09,0.994601636311211,0.9788002626393387,1.0106581012610982
75,16.473294766075902,138.75695829520754,140,577,106.64466951529297,167.7163726855831,continuous_central95,ESTIMATED,-0.0034594402588117,0.005494594518473282,-0.014228647645104137,0.007309767127480736,0.5289511368245652,637903551.2371625,2.0,3.0189373576011216e-05,7.96897616945031e-10,0.9965465367103313,0.9858721011560232,1.0073365486911046
75,16.473294766075902,139.37344020406115,140,577,106.64466951529297,167.7163726855831,continuous_central95,ESTIMATED,-0.0016654685431936015,0.002788280674926306,-0.0071303982528880885,0.003799461166500885,0.5503002825753808,821695021.1034176,2.0,7.774237904704162e-06,1.8081164222201372e-10,0.998335917579919,0.9928949627229815,1.003806688269212
75,16.473294766075902,139.98992211291474,140,577,106.64466951529297,167.7163726855831,continuous_central95,ESTIMATED,-2.5559218029444187e-05,4.518207206386531e-05,-0.00011411445212172925,6.299601606284087e-05,0.5716019509088197,1069533660.2355343,2.0,2.041357214360908e-09,4.1614415606702856e-14,0.9999744411086046,0.9998858920586847,1.0000629980003535
75,16.473294766075902,140.0,140,577,106.64466951529297,167.7163726855831,continuous_central95,ESTIMATED,0.0,0.0,0.0,0.0,,inf,2.0,0.0,0.0,1.0,1.0,1.0
75,16.473294766075902,140.60640402176833,140,577,106.64466951529297,167.7163726855831,continuous_central95,ESTIMATED,0.0014658008593841586,0.0027405485015065036,-0.0039055755060744845,0.006837177224842802,0.5927489187280744,1407005247.4737396,2.0,7.510405860041281e-06,1.3348604550728643e-10,1.0014668756705527,0.996102041334667,1.0068606040818013
75,16.473294766075902,141.22288593062194,140,577,106.64466951529297,167.7163726855831,continuous_central95,ESTIMATED,0.0028141248317505147,0.00557385407030472,-0.00811042840819474,0.01373867807169577,0.6136434513069107,1871307341.1671958,2.0,3.106713100825308e-05,4.787925329417495e-10,1.0028180881979654,0.9919223723802377,1.0138334873966572
75,16.473294766075902,141.83936783947553,140,577,106.64466951529297,167.7163726855831,continuous_central95,ESTIMATED,0.0040249258417727205,0.008458816595309207,-0.012554050044834765,0.020603901728380204,0.6341982629365432,2517225436.523658,2.0,7.155015206621211e-05,9.507512442345613e-10,1.004033036734051,0.9875244233120194,1.0208176274490837
75,16.473294766075902,142.45584974832911,140,577,106.64466951529297,167.7163726855831,continuous_central95,ESTIMATED,0.005103717032154159,0.011398704991323864,-0.01723733422912901,0.027444768293437328,0.654336996295305,3426599427.042816,2.0,0.00012992825585550374,1.479749151880108e-09,1.005116763181101,0.9829103786732342,1.0278248450192748
75,16.473294766075902,143.07233165718273,140,577,106.64466951529297,167.7163726855831,continuous_central95,ESTIMATED,0.006056011545598112,0.014396026186332782,-0.022159681307339574,0.0342717043985358,0.6739942844158839,4723595731.433468,2.0,0.00020724255453005136,2.0102850185541965e-09,1.00607438625728,0.9780840408425645,1.0348657461080968
75,16.473294766075902,143.68881356603632,140,577,106.64466951529297,167.7163726855831,continuous_central95,ESTIMATED,0.0068873225248077,0.017452577647903672,-0.027319101108745483,0.04109374615836088,0.693115470636121,6599846451.726805,2.0,0.00030458871723840794,2.499545132621157e-09,1.0069110946747384,0.9730506904241919,1.041949779756174
75,16.473294766075902,144.30529547488993,140,577,106.64466951529297,167.7163726855831,continuous_central95,ESTIMATED,0.0076031631124863636,0.020569500084663433,-0.03271231623866266,0.047918642463635384,0.7116560649422307,9356761005.263287,2.0,0.00042309995967327815,2.916039793933153e-09,1.0076321405506519,0.9678169447626205,1.049085300856889
75,16.473294766075902,144.92177738374352,140,577,106.64466951529297,167.7163726855831,continuous_central95,ESTIMATED,0.008209046451337205,0.02374732930160776,-0.03833486371300633,0.05475295661568075,0.7295810116972791,13478522039.152332,2.0,0.0005639307915081736,3.238300549931017e-09,1.0082428330618292,0.9623906172315141,1.0562796355442854
75,16.473294766075902,145.5382592925971,140,577,106.64466951529297,167.7163726855831,continuous_central95,ESTIMATED,0.008710485684063487,0.026986046434752133,-0.04418119341641574,0.06160216478454272,0.7468638360277526,19761543424.127186,2.0,0.0007282415217213251,3.453638182047513e-09,1.0087485323525776,0.9567805794240944,1.0635391472263966
75,16.473294766075902,146.1547412014507,140,577,106.64466951529297,167.7163726855831,continuous_central95,ESTIMATED,0.009112993953368603,0.030285126006818847,-0.050244762289684844,0.06847075019642206,0.7634857260245387,29551307896.51326,2.0,0.0009171835218067317,3.5569614423975064e-09,1.0091546437046046,0.9509966278998344,1.0708693017761486
75,16.473294766075902,146.7712231103043,140,577,106.64466951529297,167.7163726855831,continuous_central95,ESTIMATED,0.009422084401955789,0.03364358142881418,-0.0565181235112267,0.07536229231513827,0.7794345969327487,45191181881.85145,2.0,0.0011318852468724392,3.5496565407804497e-09,1.009466611976844,0.9450493567273132,1.078274730776881
75,16.473294766075902,147.3877050191579,140,577,106.64466951529297,167.7163726855831,continuous_central95,ESTIMATED,0.00964327017252813,0.037060007722840994,-0.06299301023225634,0.0822795505773126,0.7947041727679669,70907884664.04404,2.0,0.0013734390146259612,3.43852738197168e-09,1.0096899163222426,0.9389500367088757,1.0857592920451722
75,16.473294766075902,148.0041869280115,140,577,106.64466951529297,167.7163726855831,continuous_central95,ESTIMATED,0.009782064407789098,0.04053262136158729,-0.06966041366075956,0.08922454247633776,0.8092931110222246,114641617613.19537,2.0,0.0016428885422469725,3.2347965533190173e-09,1.0098300651877317,0.9327105018773729,1.093326126921995
75,16.473294766075902,148.6206688368651,140,577,106.64466951529297,167.7163726855831,continuous_central95,ESTIMATED,0.009843980250441853,0.044059297212934286,-0.07651065547159959,0.09619861597248329,0.8232041877018141,192040006402.43433,2.0,0.0019412172411470852,2.9531670626307997e-09,1.0098925916028216,0.9263430436142411,1.1009777140389208
75,16.473294766075902,149.23715074571868,140,577,106.64466951529297,167.7163726855831,continuous_central95,ESTIMATED,0.009834530843189623,0.0476376026478472,-0.08353345465675736,0.10320251634313661,0.8364435530150464,335754377112.6147,2.0,0.0022693372696169388,2.6109448263646375e-09,1.0098830487615298,0.9198603125454495,1.108715919435313
75,16.473294766075902,149.85363265457227,140,577,106.64466951529297,167.7163726855831,continuous_central95,ESTIMATED,0.009759229328735734,0.05126482891996456,-0.09071798902819872,0.11023644768567017,0.8490200625758358,618825999073.9946,2.0,0.0026280793433603724,2.227221908120674e-09,1.009807005901644,0.9132752282208366,1.1165420430318178
75,16.473294766075902,150.47011456342588,140,577,106.64466951529297,167.7163726855831,continuous_central95,ESTIMATED,0.009623588849783461,0.054938019959738564,-0.09805295165335362,0.11730012935292056,0.8609446848785576,1219425580253.1404,2.0,0.0030181833039158714,1.822120507431672e-09,1.00967004448468,0.9066008964664998,1.124456861561647
75,16.473294766075902,151.08659647227947,140,577,106.64466951529297,167.7163726855831,continuous_central95,ESTIMATED,0.009433122549035937,0.05865399874784029,-0.10552660254604149,0.12439284764411335,0.8722299828473994,2623140483576.007,2.0,0.003440289444965102,1.416097698834164e-09,1.0094777546792768,0.8998505342131037,1.1324606681302283
75,16.473294766075902,151.70307838113308,140,577,106.64466951529297,167.7163726855831,continuous_central95,ESTIMATED,0.009193343569196571,0.06240939144467908,-0.11312681595945985,0.13151350309785298,0.8828896652677555,6363911206730.461,2.0,0.0038949305965288003,1.0293109212700918e-09,1.0092357321502063,0.89303740153976,1.140553308621324
75,16.473294766075902,152.31956028998667,140,577,106.64466951529297,167.7163726855831,continuous_central95,ESTIMATED,0.008909765052968581,0.06620064945765995,-0.12084112363721447,0.13866065374315165,0.8929382026716665,18404154150419.18,2.0,0.0043825249670496474,6.810442177580167e-10,1.0089495751546647,0.8861747406287735,1.1487342151983306
75,16.473294766075902,152.93604219884025,140,577,106.64466951529297,167.7163726855831,continuous_central95,ESTIMATED,0.008587900143055098,0.07002406962720313,-0.12865675437719049,0.1458325546633007,0.9023905015962252,70545913836527.56,2.0,0.004903369743362553,3.891952253780229e-10,1.0086248819470285,0.8792757212970279,1.1570024371672545
75,16.473294766075902,153.55252410769384,140,577,106.64466951529297,167.7163726855831,continuous_central95,ESTIMATED,0.008233261982159595,0.07387581270812732,-0.13656067025439678,0.15302719421871597,0.9112616309107995,459022509487292.75,2.0,0.005457635448551933,1.6982291555165797e-10,1.0082672484928448,0.8723533927518135,1.165356669475988
75,16.473294766075902,154.16900601654746,140,577,106.64466951529297,167.7163726855831,continuous_central95,ESTIMATED,0.00785136371298522,0.07775192031603124,-0.14453959983526418,0.16024232726123463,0.9195665939903382,1.2022741034116924e+16,2.0,0.006045361057696344,3.6756084619420184e-11,1.007882266492439,0.8654206412097184,1.1737952791257371
75,16.473294766075902,154.78548792540104,140,577,106.64466951529297,167.7163726855831,continuous_central95,ESTIMATED,0.007447718478235117,0.0816483304997354,-0.15258006869906945,0.16747550565553967,0.9273201407978476,1.2390213280677145e+19,2.0,0.00666644987150013,1.2625947167772906e-12,1.0074755217141984,0.8584901530147167,1.1823163297667976
75,16.473294766075902,155.40196983425466,140,577,106.64466951529297,167.7163726855831,continuous_central95,ESTIMATED,0.007027839420612761,0.08556089209143115,-0.1606684275637103,0.1747241064049358,0.9345366143525553,4622952963083532.0,2.0,0.007320666147812479,7.177936495064416e-11,1.0070525926373082,0.8515743828939792,1.1909176047440897
75,16.473294766075902,156.01845174310824,140,577,106.64466951529297,167.7163726855831,continuous_central95,ESTIMATED,0.006597239682821381,0.08948537797644983,-0.16879087829397446,0.18198535765961724,0.9412298265435978,442765932089742.6,2.0,0.008007632491033423,2.5370311287255333e-10,1.0066190494034766,0.8446855269959358,1.1995966288491104
75,16.473294766075902,156.63493365196183,140,577,106.64466951529297,167.7163726855831,continuous_central95,ESTIMATED,0.006161432251057468,0.09341749752615285,-0.17693349842606365,0.1892563629281786,0.9474129601570266,112202632390240.34,2.0,0.008726828020185895,5.492419195839694e-10,1.0061804529195368,0.8378355000498413,1.2083506890996367
75,16.473294766075902,157.25141556081542,140,577,106.64466951529297,167.7163726855831,continuous_central95,ESTIMATED,0.005724850451127264,0.09735368064969425,-0.1850848573846927,0.19653455828694727,0.9531076937911526,43501080415158.44,2.0,0.0094777376990494,9.579955026890984e-10,1.0057412687232359,0.8310337615084042,1.2171773837166722
75,16.473294766075902,157.86789746966903,140,577,106.64466951529297,167.7163726855831,continuous_central95,ESTIMATED,0.005288268651196949,0.10129297128400795,-0.19324230695251976,0.20381884425491364,0.9583632322464384,21368656188389.586,2.0,0.010260263811966885,1.4797173179771306e-09,1.0053022762249129,0.8242822206263569,1.2260760226212692
75,16.473294766075902,158.48437937852262,140,577,106.64466951529297,167.7163726855831,continuous_central95,ESTIMATED,0.004851686851266704,0.1052350204568294,-0.20140516315647522,0.2111085368590086,0.9632278769134686,12192178580805.12,2.0,0.011074406358938256,2.1144073654435364e-09,1.0048634753408943,0.8175811106954055,1.2350463958436149
75,16.473294766075902,159.10086128737623,140,577,106.64466951529297,167.7163726855831,continuous_central95,ESTIMATED,0.004415105051336424,0.10917952936820194,-0.2095728403594061,0.21840305046207892,0.9677431815118842,7709446024640.97,2.0,0.011920165339963602,2.8620656450938955e-09,1.004424865987543,0.8109305688076702,1.2440883969850307
75,16.473294766075902,159.71734319622982,140,577,106.64466951529297,167.7163726855831,continuous_central95,ESTIMATED,0.0039785232514062685,0.11312624071841623,-0.2177448342631492,0.22570188076596173,0.9719450765652401,5252386239169.748,2.0,0.01279754075504282,3.7226921569235484e-09,1.0039864480812586,0.8043306531077539,1.2532020059613274
75,16.473294766075902,160.3338251050834,140,577,106.64466951529297,167.7163726855831,continuous_central95,ESTIMATED,0.0035419414514760578,0.11707493176853162,-0.22592070830740352,0.2330045912103556,0.9758647790021812,3785854284541.023,2.0,0.013706532604175984,4.696286900939679e-09,1.0035482215384768,0.7977813565919322,1.262387275199487
75,16.473294766075902,160.950307013937,140,577,106.64466951529297,167.7163726855831,continuous_central95,ESTIMATED,0.003105359651545875,0.12102540874394052,-0.23410008270091717,0.24031080200400892,0.9795295326995447,2851280066280.941,2.0,0.014647140887363057,5.7828498771321185e-09,1.00311018627567,0.7912826182308705,1.271644318511271
75,16.473294766075902,161.5667889227906,140,577,106.64466951529297,167.7163726855831,continuous_central95,ESTIMATED,0.0026687778516155253,0.12497750228811488,-0.2422826255109951,0.2476201812142262,0.982963215099939,2224015190863.1045,2.0,0.015619365604604132,6.982381085512216e-09,1.002672342209347,0.784834331999572,1.280973302060041
75,16.473294766075902,162.1832708316442,140,577,106.64466951529297,167.7163726855831,continuous_central95,ESTIMATED,0.002232196051685287,0.12893106374423458,-0.2504680453756237,0.2549324374789943,0.9861868370348145,1784955835261.316,2.0,0.01662320675589909,8.294880526067443e-09,1.0022346892560536,0.7784363542576195,1.2903744369777377
75,16.473294766075902,162.7997527404978,140,577,106.64466951529297,167.7163726855831,continuous_central95,ESTIMATED,0.0017956142517549373,0.13288596209446024,-0.2586560855045568,0.2622473140080667,0.9892189568489519,1466797825225.7107,2.0,0.017658664341248027,9.720348198811507e-09,1.0017972273323712,0.7720885098190035,1.2998479732927182
75,16.473294766075902,163.4162346493514,140,577,106.64466951529297,167.7163726855831,continuous_central95,ESTIMATED,0.0013590324518247543,0.1368420814253678,-0.26684651871165765,0.2695645836153072,0.9920760253386701,1229456549407.9102,2.0,0.018725738360650834,1.125878410372952e-08,1.001359956354918,0.765790596973584,1.3093941949064076
75,16.473294766075902,164.03271655820498,140,577,106.64466951529297,167.7163726855831,continuous_central95,ESTIMATED,0.0009224506518945019,0.14079931881720856,-0.27503914327792567,0.2768840445817147,0.9947726745112238,1047983747178.2969,2.0,0.019824428814107578,1.2910188240833093e-08,1.0009228762403486,0.7595423916641436,1.3190134154148054
75,16.473294766075902,164.64919846705857,140,577,106.64466951529297,167.7163726855831,continuous_central95,ESTIMATED,0.00048586885196451324,0.14475758257673108,-0.2832337794878901,0.2842055171918191,0.9973219604750779,906259467645.7456,2.0,0.020954735701618196,1.4674560610113598e-08,1.000485986905354,0.7533436509789935,1.328705974614886
75,16.473294766075902,165.26568037591218,140,577,106.64466951529297,167.7163726855831,continuous_central95,ESTIMATED,4.9287052034108214e-05,0.1487167907501863,-0.291430266715155,0.2915288408192232,0.9997355686809322,793527040462.6962,2.0,0.022116659023182876,1.65519012115853e-08,1.0000492882666607,0.7471941160864423,1.3384722355695777
75,16.473294766075902,165.88216228476577,140,577,106.64466951529297,167.7163726855831,continuous_central95,ESTIMATED,-0.00038729474789608864,0.1526768698661211,-0.29962846095831774,0.2988538714625256,0.99797601189567,702404814034.4875,2.0,0.02331019877880141,1.8542210045233937e-08,0.9996127802410335,0.7410935147115639,1.3483125821308946
75,16.473294766075902,166.49864419361938,140,577,106.64466951529297,167.7163726855831,continuous_central95,ESTIMATED,-0.0008238765478265908,0.15663775386765683,-0.30782823274827553,0.3061804796526223,0.995803340316593,627701261050.7676,2.0,0.024535354968473977,2.0645487111064264e-08,0.9991764627452715,0.7350415632355808,1.3582274168408903
75,16.473294766075902,167.11512610247297,140,577,106.64466951529297,167.7163726855831,continuous_central95,ESTIMATED,-0.0012604583477566766,0.16059938320180103,-0.3160294653633071,0.31350854866779376,0.9937378966821774,565685047779.046,2.0,0.025792127592200315,2.2861732409064408e-08,0.9987403356962117,0.7290379684825365,1.368217159145773
