wmh_percentile,wmh_ml,sbp,reference_sbp,local_n,support_min,support_max,display,status,estimate,se,lower,upper,p,df,m,within_variance,between_variance,HR,HR_lower,HR_upper
25,6.92631279343044,107.51131237820402,140,577,110.43387240009477,163.6027393680192,continuous_central95,OUTSIDE_OBSERVED_SUPPORT,,,,,,,,,,,,
25,6.92631279343044,108.09919219201929,140,577,110.43387240009477,163.6027393680192,continuous_central95,OUTSIDE_OBSERVED_SUPPORT,,,,,,,,,,,,
25,6.92631279343044,108.68707200583455,140,577,110.43387240009477,163.6027393680192,continuous_central95,OUTSIDE_OBSERVED_SUPPORT,,,,,,,,,,,,
25,6.92631279343044,109.27495181964983,140,577,110.43387240009477,163.6027393680192,continuous_central95,OUTSIDE_OBSERVED_SUPPORT,,,,,,,,,,,,
25,6.92631279343044,109.86283163346509,140,577,110.43387240009477,163.6027393680192,continuous_central95,OUTSIDE_OBSERVED_SUPPORT,,,,,,,,,,,,
25,6.92631279343044,110.45071144728036,140,577,110.43387240009477,163.6027393680192,continuous_central95,ESTIMATED,-0.5026549055807323,0.2118925888721597,-0.9179567484290381,-0.0873530627324266,0.017681769521384887,7400860405.350138,2.0,0.04489794731518336,3.479358418259402e-07,0.6049225137616948,0.3993341481921264,0.9163535082397012
25,6.92631279343044,111.03859126109562,140,577,110.43387240009477,163.6027393680192,continuous_central95,ESTIMATED,-0.4915948715871248,0.20671000913362605,-0.8967390447995681,-0.08645069837468145,0.017398042584330916,7363974947.895156,2.0,0.04272852994766549,3.319522388548186e-07,0.6116501124837218,0.4078976292345986,0.9171807661725344
25,6.92631279343044,111.6264710749109,140,577,110.43387240009477,163.6027393680192,continuous_central95,ESTIMATED,-0.4805348375935169,0.20153141934341692,-0.8755291613251115,-0.08554051386192224,0.01710623049647728,7326019995.977389,2.0,0.040614438465898635,3.163444490212522e-07,0.6184525316720649,0.4166414907726166,0.9180159499293076
25,6.92631279343044,112.21435088872616,140,577,110.43387240009477,163.6027393680192,continuous_central95,ESTIMATED,-0.46947480359990934,0.19635713518635214,-0.8543277167365462,-0.08462189046327256,0.016806074143832065,7286965967.753374,2.0,0.03855567286988288,3.011124723254596e-07,0.6253306034367248,0.42556919798192083,0.918859648322458
25,6.92631279343044,112.80223070254142,140,577,110.43387240009477,163.6027393680192,continuous_central95,ESTIMATED,-0.4584147696063017,0.191187506244737,-0.833135396202599,-0.08369414301000433,0.016497314785203502,7246785093.373031,2.0,0.0365522331596182,2.8625630876725994e-07,0.6322851691419493,0.43468424014363916,0.9197125135817134
25,6.92631279343044,113.39011051635669,140,577,110.43387240009477,163.6027393680192,continuous_central95,ESTIMATED,-0.44735473561269407,0.1860229206281905,-0.8119529604041453,-0.08275651082124275,0.016179696554863267,7205452256.931241,2.0,0.034604119335104544,2.717759583465304e-07,0.6393170795091535,0.4439901238385629,0.9205752700497642
25,6.92631279343044,113.97799033017196,140,577,110.43387240009477,163.6027393680192,continuous_central95,ESTIMATED,-0.43629470161908623,0.1808638103753029,-0.7907812561212613,-0.08180814711691115,0.015852969608025343,7162946069.526274,2.0,0.03271133139634194,2.5767142106340023e-07,0.6464271947209842,0.4534903647264871,0.9214487243336899
25,6.92631279343044,114.56587014398723,140,577,110.43387240009477,163.6027393680192,continuous_central95,ESTIMATED,-0.4252346676254787,0.17571065777970274,-0.7696212286320888,-0.08084810661886854,0.015516894053639924,7119250236.633824,2.0,0.030873869343330432,2.439426969178694e-07,0.6536163845265428,0.4631884776223883,0.92233377720124
25,6.92631279343044,115.15374995780249,140,577,110.43387240009477,163.6027393680192,continuous_central95,ESTIMATED,-0.414174633631871,0.17056400282811385,-0.748473936291158,-0.07987533097258404,0.015171244851814644,7074355301.648913,2.0,0.029091733176069962,2.3058978590993794e-07,0.6608855283477777,0.47308796451458074,0.923231437577736
25,6.92631279343044,115.74162977161775,140,577,110.43387240009477,163.6027393680192,continuous_central95,ESTIMATED,-0.40311459963826335,0.16542445198214387,-0.7273405677413771,-0.07888863153514963,0.014815817893806899,7028260872.406835,2.0,0.027364922894560557,2.1761268803971574e-07,0.6682355153870604,0.4831923000858095,0.924142839083549
25,6.92631279343044,116.32950958543303,140,577,110.43387240009477,163.6027393680192,continuous_central95,ESTIMATED,-0.39205456564465546,0.16029268859154847,-0.7062224623236554,-0.07788666896565555,0.014450437533001433,6980978470.808021,2.0,0.025693438498802172,2.050114033070153e-07,0.6756672447359571,0.49350491419133774,0.9250692596590417
25,6.92631279343044,116.9173893992483,140,577,110.43387240009477,163.6027393680192,continuous_central95,ESTIMATED,-0.38099453165104785,0.1551694852981489,-0.6851211343881352,-0.07686792891396055,0.014074965898182778,6932535190.481807,2.0,0.02407727998879488,1.9278593171187767e-07,0.683181625485211,0.5040291706115458,0.9260121449604123
25,6.92631279343044,117.50526921306356,140,577,110.43387240009477,163.6027393680192,continuous_central95,ESTIMATED,-0.36993449765744035,0.15005571888118271,-0.6640383023905434,-0.07583069292433736,0.013689314399121431,6882978408.755245,2.0,0.022516447364538658,1.809362732543394e-07,0.6907795768359476,0.5147683412211851,0.9269731363852817
25,6.92631279343044,118.09314902687882,140,577,110.43387240009477,163.6027393680192,continuous_central95,ESTIMATED,-0.35887446366383263,0.14495238811304692,-0.6429759238888053,-0.0747730034388599,0.01329345793350207,6832381882.96578,2.0,0.02101094062603348,1.6946242793446506e-07,0.6984620282121163,0.52572557449081,0.9279541048135012
25,6.92631279343044,118.6810288406941,140,577,110.43387240009477,163.6027393680192,continuous_central95,ESTIMATED,-0.34781480154733646,0.13986094644584657,-0.6219372194738111,-0.07369238362086189,0.012887556490922575,6780866829.075001,2.0,0.01956084679330792,1.5836494669249885e-07,0.7062296567434888,0.536903329906972,0.9289574124087572
25,6.92631279343044,119.26890865450936,140,577,110.43387240009477,163.6027393680192,continuous_central95,ESTIMATED,-0.3367596654914395,0.13478613322744254,-0.6009356322801643,-0.07258369870271464,0.01247292500814398,6728730161.575325,2.0,0.018167080235833154,1.4764971515812512e-07,0.7140804374524956,0.5482983903536498,0.9299879046215279
25,6.92631279343044,119.85678846832462,140,577,110.43387240009477,163.6027393680192,continuous_central95,ESTIMATED,-0.3257154154522508,0.12973452702672572,-0.579990416022069,-0.07144041488243252,0.01205158869564918,6676390475.9068365,2.0,0.016830841515625927,1.3732481486431746e-07,0.7220106312662279,0.5599037326447049,0.9310517527702482
25,6.92631279343044,120.44466828213989,140,577,110.43387240009477,163.6027393680192,continuous_central95,ESTIMATED,-0.3146884389191681,0.12471267389905064,-0.5591207882216573,-0.07025608961667887,0.01162566563293683,6624314817.291385,2.0,0.015553059935445588,1.273970702387889e-07,0.730016283503597,0.5717114984264804,0.9321550741014804
25,6.92631279343044,121.03254809595516,140,577,110.43387240009477,163.6027393680192,continuous_central95,ESTIMATED,-0.30368512338158926,0.1197270494162247,-0.5383458282558476,-0.06902441850733088,0.011197352047202817,6573023769.842466,2.0,0.01433438955389615,1.1787201264033375e-07,0.738093238167367,0.5837130157892226,0.9333038899120745
25,6.92631279343044,121.62042790977043,140,577,110.43387240009477,163.6027393680192,continuous_central95,ESTIMATED,-0.29271185632891283,0.11478404213104025,-0.5176844449474237,-0.06773926771040198,0.010768914367043334,6523098611.42198,2.0,0.013175213197106295,1.0875388941832227e-07,0.7462371332284353,0.5958987881085451,0.9345040972084637
25,6.92631279343044,122.20830772358569,140,577,110.43387240009477,163.6027393680192,continuous_central95,ESTIMATED,-0.28177502525053644,0.10988993489351738,-0.4971553399455415,-0.0663947105555314,0.010342680483366283,6475189783.473617,2.0,0.012075647722387787,1.0004567580004827e-07,0.7544433961559929,0.6082584896313514,0.9357614364714506
25,6.92631279343044,122.79618753740095,140,577,110.43387240009477,163.6027393680192,continuous_central95,ESTIMATED,-0.2708810176358579,0.10505088365886044,-0.4767769661900888,-0.06498506908162707,0.009921030480833589,6430026968.127952,2.0,0.011035550533873024,9.174908960486956e-08,0.7627072397170612,0.6207809689991322,0.9370814547596609
25,6.92631279343044,123.38406735121623,140,577,110.43387240009477,163.6027393680192,continuous_central95,ESTIMATED,-0.26003622097427515,0.10027289338123348,-0.4565674806643527,-0.06350496128419755,0.009506387240911518,6388431139.879703,2.0,0.010054527350131036,8.386460878588707e-08,0.7710236580697,0.6334542620367934,0.938469463275396
25,6.92631279343044,123.9719471650315,140,577,110.43387240009477,163.6027393680192,continuous_central95,ESTIMATED,-0.2492470227551866,0.09556179053889749,-0.4365446905452792,-0.06194935496509399,0.009101207489326565,6351329055.333626,2.0,0.00913194122376242,7.639149179940728e-08,0.7793874231749074,0.6462656152780912,0.9399304883980804
25,6.92631279343044,124.55982697884676,140,577,110.43387240009477,163.6027393680192,continuous_central95,ESTIMATED,-0.23851981046798987,0.09092319178666124,-0.416725991763404,-0.06031362917257571,0.008707974071332393,6319770767.987273,2.0,0.008266922812972779,6.9327800801138e-08,0.7877930815529288,0.6592015218463488,0.9414692150654915
25,6.92631279343044,125.14770679266202,140,577,110.43387240009477,163.6027393680192,continuous_central95,ESTIMATED,-0.22786097160208313,0.08636246818361917,-0.39712829889050894,-0.05859364431365732,0.008329190492863165,6294950913.009409,2.0,0.007458381905125129,6.267042767019309e-08,0.7962349514102992,0.672247771456393,0.9430899212560452
25,6.92631279343044,125.73558660647728,140,577,110.43387240009477,163.6027393680192,continuous_central95,ESTIMATED,-0.21727689364686412,0.08188470440170853,-0.3777679651898619,-0.05678582210386632,0.007967379069843301,6278234710.668815,2.0,0.006705020192270894,5.64151228602886e-08,0.8047071201645098,0.6853895164428775,0.9447964022038379
25,6.92631279343044,126.32346642029256,140,577,110.43387240009477,163.6027393680192,continuous_central95,ESTIMATED,-0.20677396409173063,0.07749465228936969,-0.3586606916026644,-0.05488723658079686,0.007625084387501591,6271189898.496293,2.0,0.006005345298659693,5.0556527078377857e-08,0.8132034423936559,0.6986113558400037,0.9465918828727762
25,6.92631279343044,126.91134623410782,140,577,110.43387240009477,163.6027393680192,continuous_central95,ESTIMATED,-0.19635857042608112,0.07319667815233552,-0.33982142342029786,-0.05289571743186436,0.007304884192889275,6275626138.188645,2.0,0.005357686060227907,4.508820579045959e-08,0.8217175382388255,0.7118974396220913,0.9484789171424947
25,6.92631279343044,127.49922604792309,140,577,110.43387240009477,163.6027393680192,continuous_central95,ESTIMATED,-0.18603710013931332,0.06899470313071623,-0.3212642334255563,-0.05080996685307035,0.0070094103337737445,6293643872.895634,2.0,0.004760209056065832,4.000268655517578e-08,0.8302427922872864,0.7252315952415964,0.9504592721382505
25,6.92631279343044,128.08710586173837,140,577,110.43387240009477,163.6027393680192,continuous_central95,ESTIMATED,-0.175815940720825,0.06489213611149268,-0.3030021904035499,-0.048629691038100026,0.006741382922278675,6327695157.794052,2.0,0.004210936391863715,3.529149918430962e-08,0.8387723529647356,0.7385974785421717,0.9525337961979369
25,6.92631279343044,128.67498567555361,140,577,110.43387240009477,163.6027393680192,continuous_central95,ESTIMATED,-0.1657014796600148,0.060891798734842954,-0.2850472121568076,-0.046355747163221994,0.0065036615459601686,6380659675.053116,2.0,0.0037077647353365253,3.0945218730966656e-08,0.8472991324649746,0.7519787509425883,0.954702269147908
25,6.92631279343044,129.2628654893689,140,577,110.43387240009477,163.6027393680192,continuous_central95,ESTIMATED,-0.15570010444627969,0.056995842250941606,-0.267409902547595,-0.04399030634496437,0.0062993180672302525,6455939996.366192,2.0,0.0032484856036272634,2.69535113049452e-08,0.8558158072453618,0.7653592844381999,0.9569632338995566
25,6.92631279343044,129.85074530318417,140,577,110.43387240009477,163.6027393680192,continuous_central95,ESTIMATED,-0.14581820256901817,0.05320565628261154,-0.2500993726760017,-0.041537032462034634,0.006131736315133129,6557581177.552268,2.0,0.0028308069026893277,2.3305182715595838e-08,0.8643148191162485,0.7787233953986926,0.9593138089314526
25,6.92631279343044,130.43862511699942,140,577,110.43387240009477,163.6027393680192,continuous_central95,ESTIMATED,-0.13606216151762857,0.04952176997030969,-0.23312304712767204,-0.03900127590758509,0.0060047446972623115,6690420927.4285345,2.0,0.0024523757186473536,1.9988229941946626e-08,0.8727883769523537,0.7920561072990092,0.9617494820421247
25,6.92631279343044,131.0265049308147,140,577,110.43387240009477,163.6027393680192,continuous_central95,ESTIMATED,-0.12643836878150802,0.04594374653834809,-0.21648645732739433,-0.036390280235621714,0.0059227882408114125,6860277756.523342,2.0,0.0021108023611368268,1.6989895430319887e-08,0.8812284590536189,0.8053434413513817,0.9642638868988952
25,6.92631279343044,131.61438474462994,140,577,110.43387240009477,163.6027393680192,continuous_central95,ESTIMATED,-0.11695321185005544,0.04247007303630333,-0.20019302543623763,-0.03371339826387326,0.005891146360712903,7074185336.209249,2.0,0.0018036856586226106,1.4296724219170894e-08,0.8896268161825419,0.818572732468697,0.9668485654099791
25,6.92631279343044,132.20226455844522,140,577,110.43387240009477,163.6027393680192,continuous_central95,ESTIMATED,-0.1076130782126678,0.03909804787494872,-0.1842438439260253,-0.0309823124993103,0.005916200801909083,7340680969.666683,2.0,0.0015286395056959448,1.1894623891410142e-08,0.897974975304298,0.8317329660654487,0.9694927208275433
25,6.92631279343044,132.7901443722605,140,577,110.43387240009477,163.6027393680192,continuous_central95,ESTIMATED,-0.09842435535874357,0.03582366976932226,-0.16863745791175128,-0.028211252805735873,0.006005752765708449,7670152754.003643,2.0,0.0012833206623504227,9.768927354054603e-09,0.9062642440550885,0.8448151289138796,0.9721829687267188
25,6.92631279343044,133.37802418607575,140,577,110.43387240009477,163.6027393680192,continuous_central95,ESTIMATED,-0.08939343077768112,0.03264153277534955,-0.15336965942713912,-0.025417202128223126,0.006169375242053892,8075239596.17383,2.0,0.001065457805236551,7.904458445210645e-09,0.9144857159631542,0.8578125646936887,0.9749030955256135
25,6.92631279343044,133.96590399989103,140,577,110.43387240009477,163.6027393680192,continuous_central95,ESTIMATED,-0.08052669195887754,0.029544733190462406,-0.13843330495320613,-0.02262007896454895,0.006418757886672841,8571251532.048207,2.0,0.0008728818308950583,6.285600368488819e-09,0.9226302764456867,0.8707213221318993,0.9776338368859825
25,6.92631279343044,134.5537838137063,140,577,110.43387240009477,163.6027393680192,continuous_central95,ESTIMATED,-0.07183052639173126,0.026524795107964044,-0.12381816950750207,-0.019842883275960455,0.006767940244187027,9176513689.423092,2.0,0.0007035574109690412,4.896366954764711e-09,0.9306886096035096,0.8835404808784635,0.9803526910102749
25,6.92631279343044,135.14166362752155,140,577,110.43387240009477,163.6027393680192,continuous_central95,ESTIMATED,-0.06331132156564062,0.023571622347854263,-0.1095108524302557,-0.017111790701025545,0.007233196918649351,9912385633.545273,2.0,0.0005556157993947357,3.720476751252968e-09,0.93865120583386,0.8962724375752106,0.9830337844562189
25,6.92631279343044,135.72954344133683,140,577,110.43387240009477,163.6027393680192,continuous_central95,ESTIMATED,-0.054975464970002774,0.02067348552411903,-0.09549475203672628,-0.014456177903279264,0.007832046566331626,10802343837.218504,2.0,0.0004273888915710521,2.741429938050901e-09,0.9465083702798599,0.9089231316363683,0.9856478109396924
25,6.92631279343044,136.31742325515208,140,577,110.43387240009477,163.6027393680192,continuous_central95,ESTIMATED,-0.04682934301405925,0.017817055021813553,-0.08175012917094354,-0.01190855685717495,0.008580179394094414,11868608664.091042,2.0,0.0003174445357684894,1.9425878947295366e-09,0.9542502331640869,0.9215021864468561,0.98816206937587
25,6.92631279343044,136.90530306896736,140,577,110.43387240009477,163.6027393680192,continuous_central95,ESTIMATED,-0.038876785149826155,0.01498763863906964,-0.0682520170984115,-0.009501553201240808,0.009488765129048645,13129787438.728104,2.0,0.00022462735160744805,1.3069119234583965e-09,0.9618692184167998,0.9340250536296741,0.9905434439283994
25,6.92631279343044,137.49318288278263,140,577,110.43387240009477,163.6027393680192,continuous_central95,ESTIMATED,-0.03111358877287739,0.012170531043020714,-0.05496739129190019,-0.007259786253854594,0.01057404063920189,14614943282.560436,2.0,0.00014812060063104058,8.168253935365105e-10,0.9693654577893942,0.9465160121146118,0.9927665023393805
25,6.92631279343044,138.08106269659788,140,577,110.43387240009477,163.6027393680192,continuous_central95,ESTIMATED,-0.02353397823592561,0.009352102841642711,-0.041863762986616065,-0.00520419348523515,0.011854807003044563,16360523528.4375,2.0,8.746114377506344e-05,4.558570654969452e-10,0.9767407861761329,0.9590004230265807,0.9948093248688041
25,6.92631279343044,138.66894251041316,140,577,110.43387240009477,163.6027393680192,continuous_central95,ESTIMATED,-0.016132177891682385,0.00651993140676047,-0.028911008631444673,-0.0033533471519200976,0.01335026097976342,18408763249.057198,2.0,4.250919223922899e-05,2.0887308837977206e-10,0.9839972487774362,0.9715029159938777,0.9966522690372094
25,6.92631279343044,139.25682232422844,140,577,110.43387240009477,163.6027393680192,continuous_central95,ESTIMATED,-0.008902412092860352,0.003662837067793167,-0.01608144082739084,-0.0017233833583298651,0.015079294292327527,20808414395.11219,2.0,1.3416282378184452e-05,6.200467679382169e-11,0.9911370970485293,0.9840471751756589,0.9982781008140482
25,6.92631279343044,139.8447021380437,140,577,110.43387240009477,163.6027393680192,continuous_central95,ESTIMATED,-0.001838905192172149,0.0007708943362132055,-0.003349830327113383,-0.00032798005723091495,0.017059727140449274,23615519471.963543,2.0,5.942742104561306e-07,2.578099645477377e-12,0.9981627845580585,0.9966557740947961,0.9996720737223483
25,6.92631279343044,140.0,140,577,110.43387240009477,163.6027393680192,continuous_central95,ESTIMATED,0.0,0.0,0.0,0.0,,inf,2.0,0.0,0.0,1.0,1.0,1.0
25,6.92631279343044,140.43258195185896,140,577,110.43387240009477,163.6027393680192,continuous_central95,ESTIMATED,0.00506411845767058,0.002164578969645845,0.0008216216352809735,0.009306615280060186,0.019307518858097134,26894219510.067753,2.0,4.685373545362287e-06,1.9046980520904437e-11,1.0050769627781144,1.0008219592587966,1.0093500564829858
25,6.92631279343044,141.0204617656742,140,577,110.43387240009477,163.6027393680192,continuous_central95,ESTIMATED,0.011812434503954862,0.0051510512634069345,0.0017165595447599224,0.021908309463149804,0.02183600444546222,30717581434.959446,2.0,2.6533177727881587e-05,1.0092690972509033e-10,1.0118824768268342,1.0017180336764528,1.0221500586859977
25,6.92631279343044,141.6083415794895,140,577,110.43387240009477,163.6027393680192,continuous_central95,ESTIMATED,0.018411818593969086,0.008194821724725146,0.0023502631532286156,0.034473374034709556,0.024655206042236956,35168424315.494255,2.0,6.715474500147524e-05,2.3873236797742333e-10,1.018582361184463,1.0023530271866512,1.0350744681523452
25,6.92631279343044,142.19622139330477,140,577,110.43387240009477,163.6027393680192,continuous_central95,ESTIMATED,0.024868046375000633,0.011301076203742724,0.002718344028457678,0.04701774872154359,0.02777126316921177,40340117294.80478,2.0,0.00012771368748885743,4.239159617637302e-10,1.0251798354033863,1.002722042075682,1.0481406120704277
25,6.92631279343044,142.78410120712002,140,577,110.43387240009477,163.6027393680192,continuous_central95,ESTIMATED,0.031186893494336877,0.014473951119361976,0.002818470585653196,0.05955531640302056,0.03118601561472372,46337314252.553215,2.0,0.00020949428779072426,6.488099703447085e-10,1.0316782998322946,1.002822446208055,1.0613644702205158
25,6.92631279343044,143.3719810209353,140,577,110.43387240009477,163.6027393680192,continuous_central95,ESTIMATED,0.03737413559926614,0.017716602356483643,0.002650233051351876,0.07209803814718041,0.03489675977100568,53276581437.35543,2.0,0.0003138766392024551,9.065702044191898e-10,1.0380813313742308,1.0026537480234443,1.0747607064472853
25,6.92631279343044,143.95986083475054,140,577,110.43387240009477,163.6027393680192,continuous_central95,ESTIMATED,0.043435548337075476,0.021031276619168572,0.002215003613791698,0.08465609306035926,0.038896184964115815,61286864549.79718,2.0,0.00044231280954872194,1.1911221764507315e-09,1.0443926792978402,1.0022174585465233,1.0883427137188393
25,6.92631279343044,144.54774064856582,140,577,110.43387240009477,163.6027393680192,continuous_central95,ESTIMATED,0.04937690735505328,0.024419383167895457,0.0015157958204729954,0.09723801888963357,0.04317248274458795,70509731274.04279,2.0,0.0005963040286361221,1.497109582638436e-09,1.050616261120729,1.0015169452196357,1.102122668417991
25,6.92631279343044,145.1356204623811,140,577,110.43387240009477,163.6027393680192,continuous_central95,ESTIMATED,0.05520398830048685,0.027881564322887943,0.0005571263941740179,0.10985085020679969,0.04770961071310531,81099314396.07896,2.0,0.000777378899323693,1.8198450965553056e-09,1.0567561585833476,1.0005572816179087,1.1161115902310628
25,6.92631279343044,145.72350027619635,140,577,110.43387240009477,163.6027393680192,continuous_central95,ESTIMATED,0.060922566820663736,0.031417763528084425,-0.0006551181699773062,0.12250025181130478,0.0524876841888261,93221869965.19617,2.0,0.00098707263221142,2.1552634744367352e-09,1.0628166137313908,0.9993450963730781,1.1303194047011793
25,6.92631279343044,146.31138009001162,140,577,110.43387240009477,163.6027393680192,continuous_central95,ESTIMATED,0.06653841856287207,0.03502729012872958,-0.002113808566249445,0.13519064569199357,0.05748346423835984,107054855176.19998,2.0,0.0012269073039467382,2.4998769721335596e-09,1.0688020251242152,0.9978884239537609,1.144755006159442
25,6.92631279343044,146.89925990382687,140,577,110.43387240009477,163.6027393680192,continuous_central95,ESTIMATED,0.07205731917439907,0.03870888031509672,-0.0038106921258098114,0.14792533047460796,0.06267090911043317,122785422769.22212,2.0,0.001498373139148872,2.8507330737090336e-09,1.074716944186316,0.9961965593474608,1.1594263193176901
25,6.92631279343044,147.48713971764215,140,577,110.43387240009477,163.6027393680192,continuous_central95,ESTIMATED,0.07748504430253302,0.04246075392657412,-0.005736504150686314,0.16070659275575233,0.06802175744143321,140608223979.1544,2.0,0.0018029108159512823,3.20537453169898e-09,1.0805660717184509,0.9942799181720025,1.1743403582923968
25,6.92631279343044,148.07501953145743,140,577,110.43387240009477,163.6027393680192,continuous_central95,ESTIMATED,0.08282736959456127,0.04628066699891548,-0.0078810709044876,0.17353581009361013,0.07350611498987057,160722411910.93283,2.0,0.0021418947951619264,3.5618017190335925e-09,1.0863542545845264,0.9921499033114038,1.1895032822308165
25,6.92631279343044,148.6628993452727,140,577,110.43387240009477,163.6027393680192,continuous_central95,ESTIMATED,0.08809007069777156,0.050165960079495156,-0.010233404308562205,0.18641354570410532,0.07909302135542225,183327743366.22812,2.0,0.002516617673041563,3.918437292601526e-09,1.0920864825899426,0.9898187788179369,1.2049204470337134
25,6.92631279343044,149.25077915908795,140,577,110.43387240009477,163.6027393680192,continuous_central95,ESTIMATED,0.09327892325945136,0.05411360243820137,-0.012781788593757504,0.19933963511266023,0.08475097843566591,208619691449.54822,2.0,0.0029282755576999606,4.274093168495931e-09,1.0977678855666408,0.9872995515397861,1.220596452922516
25,6.92631279343044,149.83865897290323,140,577,110.43387240009477,163.6027393680192,continuous_central95,ESTIMATED,0.09839970292688881,0.05812023237238378,-0.015513859296664614,0.21231326515044224,0.090448427695801,236783505651.3616,2.0,0.0033779544691101737,4.627939808885457e-09,1.1034037306797122,0.9846058607124496,1.2365351877927457
25,6.92631279343044,150.42653878671848,140,577,110.43387240009477,163.6027393680192,continuous_central95,ESTIMATED,0.10345818534737126,0.06218219384966445,-0.01841667507820953,0.22533304577295205,0.0961541682555832,267987192271.70615,2.0,0.0038666177627405163,4.979477820549967e-09,1.1089994199700193,0.9817518755819641,1.2527398664400715
25,6.92631279343044,151.01441860053376,140,577,110.43387240009477,163.6027393680192,continuous_central95,ESTIMATED,0.10846014616818676,0.06629556975826266,-0.02147678289309092,0.23839707522946446,0.10183771207007498,302373437431.87964,2.0,0.004395094576804873,5.328511865101801e-09,1.1145604881469455,0.9787522009998474,1.2692130658499035
25,6.92631279343044,151.60229841434904,140,577,110.43387240009477,163.6027393680192,continuous_central95,ESTIMATED,0.11341136103662278,0.07045621204564485,-0.024680277060449757,0.25150299913369534,0.10746957596688357,340050558260.4627,2.0,0.00496406930313055,5.67512688083144e-09,1.1200926006450342,0.9756217908351266,1.2859567568143588
25,6.92631279343044,152.19017822816429,140,577,110.43387240009477,163.6027393680192,continuous_central95,ESTIMATED,0.11831760559996671,0.07465976902686135,-0.028012852787225317,0.26464806398715873,0.11302151297672887,381082644850.46,2.0,0.005574072081644361,6.01966661621029e-09,1.125601551958004,0.9723758689807841,1.3029723321890716
25,6.92631279343044,152.77805804197956,140,577,110.43387240009477,163.6027393680192,continuous_central95,ESTIMATED,0.12318465550550697,0.07890171013703305,-0.03145985468213658,0.2778291656931505,0.11846668730317553,425479144676.08154,2.0,0.0062254703184766716,6.3627144750702955e-09,1.13109326426335,0.9690298576845392,1.3202606321325663
25,6.92631279343044,153.3659378557948,140,577,110.43387240009477,163.6027393680192,continuous_central95,ESTIMATED,0.12801828640053062,0.08317734839064152,-0.03500632077508439,0.29104289357614566,0.12377979851266944,473184239009.83466,2.0,0.006918461227683146,6.705076673418004e-09,1.1365737863505205,0.965599312902199,1.3378219666877484
25,6.92631279343044,153.9538176696101,140,577,110.43387240009477,163.6027393680192,continuous_central95,ESTIMATED,0.13282427393232588,0.08748186079546068,-0.03863702252771953,0.30428557039237125,0.12893716120053902,524066462176.48206,2.0,0.0076530653965847985,7.04776770792804e-09,1.1420492928654944,0.9620998663520031,1.3556561360724486
25,6.92631279343044,154.54169748342537,140,577,110.43387240009477,163.6027393680192,continuous_central95,ESTIMATED,0.1376083937481802,0.09181030695255767,-0.042336501288777,0.31755328878513744,0.13391674662027553,577909111873.0404,2.0,0.008429121374725655,7.391998136076438e-09,1.1475260838844232,0.958547173937371,1.3737624490468296
25,6.92631279343044,155.12957729724062,140,577,110.43387240009477,163.6027393680192,continuous_central95,ESTIMATED,0.1423764214953811,0.09615764605685598,-0.046089101614566086,0.3308419446053283,0.13869819266361005,634402082858.842,2.0,0.009246281286448587,7.739164667921053e-09,1.1530105848289387,0.9549568702008782,1.3921397397224031
25,6.92631279343044,155.7174571110559,140,577,110.43387240009477,163.6027393680192,continuous_central95,ESTIMATED,0.14713413282121668,0.1005187524960047,-0.04987900184219218,0.34414726748462554,0.14326278824630123,693135816121.7064,2.0,0.010104007467089195,8.09084256958422e-09,1.1585093467356784,0.951344528472275,1.4107863831720586
25,6.92631279343044,156.30533692487114,140,577,110.43387240009477,163.6027393680192,continuous_central95,ESTIMATED,0.15188729396460116,0.10488843790960259,-0.05369026673321575,0.35746485466241806,0.14759349240581057,753598874461.4528,2.0,0.011001571733950818,8.448777158813321e-09,1.1640290359409775,0.9477256031936996,1.429700318264747
25,6.92631279343044,156.89321673868642,140,577,110.43387240009477,163.6027393680192,continuous_central95,ESTIMATED,0.15663998733287968,0.10926284125317617,-0.057511246372180774,0.37079122103794016,0.15168441010759998,815327806728.3687,2.0,0.011938355257273922,8.814295235678325e-09,1.1695744764713873,0.9441112724999653,1.4488805460305207
25,6.92631279343044,157.4810965525017,140,577,110.43387240009477,163.6027393680192,continuous_central95,ESTIMATED,0.16139268070115798,0.1136410825329648,-0.061339748227903806,0.38412510963021973,0.15555044895575845,878130726247.1335,2.0,0.012914281857933953,9.18755344353559e-09,1.1751463355100356,0.9405036510404525,1.4683291323058003
25,6.92631279343044,158.06897636631697,140,577,110.43387240009477,163.6027393680192,continuous_central95,ESTIMATED,0.16614537406943647,0.11802273462667508,-0.06517493515607223,0.39746568329494514,0.1592079482032102,941863032743.8663,2.0,0.013929351535930895,9.568551782411072e-09,1.1807447389148369,0.9369035516718252,1.4880487281613024
25,6.92631279343044,158.65685618013222,140,577,110.43387240009477,163.6027393680192,continuous_central95,ESTIMATED,0.17089806743771463,0.12240743125807384,-0.06901608926846103,0.4108122241438903,0.16267195589728248,1006389936303.5586,2.0,0.014983564291264692,9.95729025229371e-09,1.1863698131432927,0.9333116636554862,1.5080421560628783
25,6.92631279343044,159.2447359939475,140,577,110.43387240009477,163.6027393680192,continuous_central95,ESTIMATED,0.1756507608059931,0.12679485657781522,-0.07286259151172697,0.42416411312371316,0.16595630389826405,1071586166937.9504,2.0,0.016076920123935454,1.0353768853171527e-08,1.1920216852553496,0.9297285738468856,1.528312389324296
25,6.92631279343044,159.83261580776275,140,577,110.43387240009477,163.6027393680192,continuous_central95,ESTIMATED,0.18040345417427117,0.13118473680624765,-0.07671390528761385,0.4375208136361562,0.16907369134246164,1137335611290.9307,2.0,0.017209419033943088,1.0757987585068252e-08,1.1977004829162672,0.9261547836936057,1.5488625357599213
25,6.92631279343044,160.42049562157803,140,577,110.43387240009477,163.6027393680192,continuous_central95,ESTIMATED,0.18515614754254955,0.13557683347905483,-0.08056956321464936,0.4508818582997485,0.17203577060856562,1203530900775.1768,2.0,0.01838106102128769,1.1169946447972134e-08,1.2034063343995043,0.9225907229749819,1.5696958246046901
25,6.92631279343044,161.0083754353933,140,577,110.43387240009477,163.6027393680192,continuous_central95,ESTIMATED,0.18990884091082802,0.13997093794940912,-0.08442915635256595,0.46424683817422197,0.1748532320565837,1270072969915.4841,2.0,0.01959184608596918,1.1589645441874724e-08,1.2091393685896146,0.9190367609869193,1.5908155959977976
25,6.92631279343044,161.59625524920855,140,577,110.43387240009477,163.6027393680192,continuous_central95,ESTIMATED,0.19466153427910607,0.14436686688300193,-0.08829232537272216,0.47761539393093433,0.17753588528659375,1336870599384.2913,2.0,0.020841774227987553,1.2017084566784165e-08,1.2148997149851577,0.9154932157076723,1.6122252924944835
25,6.92631279343044,162.18413506302383,140,577,110.43387240009477,163.6027393680192,continuous_central95,ESTIMATED,0.19941422764738437,0.14876445854349288,-0.09215875327771494,0.4909872085724837,0.18009273564630193,1403839954712.277,2.0,0.02213084544734288,1.2452263822713595e-08,1.2206875037016267,0.9119603613560833,1.6339284521945292
25,6.92631279343044,162.77201487683908,140,577,110.43387240009477,163.6027393680192,continuous_central95,ESTIMATED,0.20416692101566264,0.1531635697116317,-0.09602815936297238,0.5043620013942977,0.18253205536198677,1470904128898.6035,2.0,0.023459059744035046,1.2895183209645882e-08,1.2265028654743844,0.9084384346609101,1.6559287031689545
25,6.92631279343044,163.35989469065436,140,577,110.43387240009477,163.6027393680192,continuous_central95,ESTIMATED,0.20891961438394097,0.15756407311575912,-0.09990029418062568,0.5177395229485076,0.18486144908541366,1537992694941.6145,2.0,0.024826417118064197,1.3345842727585324e-08,1.232345931661618,0.9049276400898826,1.678229758936414
25,6.92631279343044,163.94777450446963,140,577,110.43387240009477,163.6027393680192,continuous_central95,OUTSIDE_OBSERVED_SUPPORT,,,,,,,,,,,,
25,6.92631279343044,164.53565431828488,140,577,110.43387240009477,163.6027393680192,continuous_central95,OUTSIDE_OBSERVED_SUPPORT,,,,,,,,,,,,
25,6.92631279343044,165.12353413210016,140,577,110.43387240009477,163.6027393680192,continuous_central95,OUTSIDE_OBSERVED_SUPPORT,,,,,,,,,,,,
25,6.92631279343044,165.7114139459154,140,577,110.43387240009477,163.6027393680192,continuous_central95,OUTSIDE_OBSERVED_SUPPORT,,,,,,,,,,,,
25,6.92631279343044,166.2992937597307,140,577,110.43387240009477,163.6027393680192,continuous_central95,OUTSIDE_OBSERVED_SUPPORT,,,,,,,,,,,,
50,11.074110677933376,107.51131237820402,140,578,107.6980548211959,166.58940480067056,continuous_central95,OUTSIDE_OBSERVED_SUPPORT,,,,,,,,,,,,
50,11.074110677933376,108.09919219201929,140,578,107.6980548211959,166.58940480067056,continuous_central95,ESTIMATED,-0.6969130520104423,0.199106689131769,-1.0871549930043274,-0.3066711110165572,0.0004649108472122015,388879445.48075306,2.0,0.039641463341580446,1.3402102896329422e-06,0.49812060527531804,0.33717439395373267,0.7358925880768307
50,11.074110677933376,108.68707200583455,140,578,107.6980548211959,166.58940480067056,continuous_central95,ESTIMATED,-0.68248171753448,0.1947499874500991,-1.0641846801100447,-0.30077875495891526,0.00045763867882511023,390287255.71844405,2.0,0.037925637782177335,1.2798864242837246e-06,0.5053612709098388,0.3450090328533006,0.7402415293984504
50,11.074110677933376,109.27495181964983,140,578,107.6980548211959,166.58940480067056,continuous_central95,ESTIMATED,-0.6680503830585173,0.19039577915470637,-1.041219254163031,-0.2948815119540035,0.0004502251093329009,391786838.8338463,2.0,0.03624872129251103,1.220951611131642e-06,0.5127071866349517,0.3530239934790745,0.744619810785492
50,11.074110677933376,109.86283163346509,140,578,107.6980548211959,166.58940480067056,continuous_central95,ESTIMATED,-0.653619048582555,0.18604423931247333,-1.0182590582880704,-0.2889790388770397,0.0004426686497800435,393386908.9124235,2.0,0.034610713872581585,1.163405850176525e-06,0.5201598823627015,0.36122326172243613,0.749027905704153
50,11.074110677933376,110.45071144728036,140,578,107.6980548211959,166.58940480067056,continuous_central95,ESTIMATED,-0.6391877141065927,0.18169555964882883,-0.9953044682600958,-0.2830709599530897,0.0004349681311982439,395097274.1139339,2.0,0.03301161552238898,1.1072491414188817e-06,0.5277209102438876,0.36961089262529495,0.7534663200279784
50,11.074110677933376,111.03859126109562,140,578,107.6980548211959,166.58940480067056,continuous_central95,ESTIMATED,-0.6247563796306304,0.17734995056148306,-0.9723558964510395,-0.2771568628102213,0.00042712277183191104,396929008.96768564,2.0,0.0314514262419332,1.0524814848582043e-06,0.5353918449913249,0.37819100889608553,0.7579355958776253
50,11.074110677933376,111.6264710749109,140,578,107.6980548211959,166.58940480067056,continuous_central95,ESTIMATED,-0.6103250451546677,0.1730076434309622,-0.9494137963583971,-0.27123629395093835,0.000419132256064084,398894659.5778791,2.0,0.02993014603121422,9.991028804946615e-07,0.543174284207805,0.3869677989126132,0.7624363160286839
50,11.074110677933376,112.21435088872616,140,578,107.6980548211959,166.58940480067056,continuous_central95,ESTIMATED,-0.5958937106787054,0.1686688932797764,-0.9264786678171022,-0.26530875354030864,0.00041099682719512756,401008489.19454646,2.0,0.028447774890232105,9.471133283284068e-07,0.5510698487188236,0.3959455141132969,0.7669691089872831
50,11.074110677933376,112.80223070254142,140,578,107.6980548211959,166.58940480067056,continuous_central95,ESTIMATED,-0.581462376202743,0.16433398184255552,-0.9035510630168799,-0.2593736893886061,0.0004027173966781725,403286773.56588894,2.0,0.027004312818986825,8.965128283592786e-07,0.5590801829101457,0.4051284656580724,0.7715346548535322
50,11.074110677933376,113.39011051635669,140,578,107.6980548211959,166.58940480067056,continuous_central95,ESTIMATED,-0.5670310417267806,0.16000322112241758,-0.8806315934726018,-0.2534304899809595,0.00039429567298002356,405748158.0518169,2.0,0.025599759817478376,8.473013805871327e-07,0.5672069550702767,0.4145210202151928,0.776133692117897
50,11.074110677933376,113.97799033017196,140,578,107.6980548211959,166.58940480067056,continuous_central95,ESTIMATED,-0.552599707250818,0.1556769575248188,-0.8577209381264834,-0.24747847637515258,0.0003857343139488844,408414091.8447337,2.0,0.024234115885706724,7.994789850119814e-07,0.5754518577379122,0.42412759469918976,0.780767025566627
50,11.074110677933376,114.56587014398723,140,578,107.6980548211959,166.58940480067056,continuous_central95,ESTIMATED,-0.5381683727748559,0.15135557667999683,-0.8348198527998997,-0.24151689274981203,0.00037703710747821165,411309359.0976211,2.0,0.02290738102367195,7.530456416341096e-07,0.5838166080544365,0.43395264974670605,0.7854355355109216
50,11.074110677933376,115.15374995780249,140,578,107.6980548211959,166.58940480067056,continuous_central95,ESTIMATED,-0.5237370382988935,0.14703950908990304,-0.8119291812611672,-0.23554489533661982,0.00036820918642568347,414462732.7069612,2.0,0.021619555231374002,7.080013504533729e-07,0.5923029481215489,0.4440006816687261,0.7901401886027533
50,11.074110677933376,115.74162977161775,140,578,107.6980548211959,166.58940480067056,continuous_central95,ESTIMATED,-0.509305703822931,0.14272923676661373,-0.7890498682365925,-0.2295615394092696,0.0003592572852706321,417907784.50349957,2.0,0.020370638508812877,6.643461114698991e-07,0.6009126453640845,0.45427621255718365,0.7948820505608309
50,11.074110677933376,116.32950958543303,140,578,107.6980548211959,166.58940480067056,continuous_central95,ESTIMATED,-0.4948743693469683,0.13842530106839426,-0.7661829747688755,-0.22356576392506117,0.00035019004800612144,421683896.4974203,2.0,0.019160630855988566,6.220799246835519e-07,0.6096474928981109,0.464783778147484,0.7996623012066801
50,11.074110677933376,116.9173893992483,140,578,107.6980548211959,166.58940480067056,continuous_central95,ESTIMATED,-0.480443034871006,0.13412831198925249,-0.7433296964242997,-0.21755637331771233,0.00034101839945634415,425837532.7736001,2.0,0.017989532272901114,5.812027900940921e-07,0.6185093099043745,0.4755279129414174,0.8044822523078979
50,11.074110677933376,117.50526921306356,140,578,107.6980548211959,166.58940480067056,continuous_central95,ESTIMATED,-0.46601170039504375,0.12983895922107527,-0.7204913849741205,-0.21153201581596703,0.0003317559958716803,430423852.393211,2.0,0.016857342759550493,5.417147077018912e-07,0.6274999420071771,0.4865131319710528,0.8093433688495767
50,11.074110677933376,118.09314902687882,140,578,107.6980548211959,166.58940480067056,continuous_central95,ESTIMATED,-0.45158036591908135,0.12555802538847513,-0.6976695743343887,-0.205491157503774,0.00032241977570890206,435508772.81167305,2.0,0.015764062315936706,5.036156775069367e-07,0.636621261658758,0.4977439084251639,0.8142472945139496
50,11.074110677933376,118.6810288406941,140,578,107.6980548211959,166.58940480067056,continuous_central95,ESTIMATED,-0.43714963316038064,0.1212866354102257,-0.6748670710226489,-0.19943219529811237,0.0003130330202780499,441170120.2476709,2.0,0.014709747566685534,4.6690829832107034e-07,0.6458747798951431,0.5092241067484774,0.8191957642544324
50,11.074110677933376,119.26890865450936,140,578,107.6980548211959,166.58940480067056,continuous_central95,ESTIMATED,-0.42272622381230607,0.1170283782091908,-0.6520976308918591,-0.19335481673275295,0.0003036471570428603,447485268.2057489,2.0,0.013694993876001314,4.316201813949997e-07,0.6552580025950457,0.5209518651252436,0.8241894860317364
50,11.074110677933376,119.85678846832462,140,578,107.6980548211959,166.58940480067056,continuous_central95,ESTIMATED,-0.40832042862751744,0.11278821310974706,-0.6293812647919046,-0.18725959246313026,0.00029432962974458614,454535153.2664111,2.0,0.012720584333449188,3.9778869368650595e-07,0.6647658346874755,0.5329214362736795,0.8292284469878092
50,11.074110677933376,120.44466828213989,140,578,107.6980548211959,166.58940480067056,continuous_central95,ESTIMATED,-0.393942582909024,0.10857106189102238,-0.6067379545356872,-0.1811472112823608,0.00028514920942983865,462413862.09638935,2.0,0.011787127313319073,3.654445500919523e-07,0.6743927768002417,0.5451261983406206,0.8343125294377368
50,11.074110677933376,121.03254809595516,140,578,107.6980548211959,166.58940480067056,continuous_central95,ESTIMATED,-0.37960302195983475,0.10438177885648199,-0.5841875496862424,-0.17501849423342705,0.0002761757879564133,471231283.6688962,2.0,0.01089505383975254,3.346116606480074e-07,0.6841329410668554,0.5575586665601721,0.8394414957986749
50,11.074110677933376,121.62042790977043,140,578,107.6980548211959,166.58940480067056,continuous_central95,ESTIMATED,-0.36531208108295976,0.10022513703779776,-0.5617497405168214,-0.16887442164909813,0.000267480471627464,481116251.7982481,2.0,0.010044620133446983,3.0530719890385904e-07,0.6939800390373727,0.5702104701009671,0.8446149620806421
50,11.074110677933376,122.20830772358569,140,578,107.6980548211959,166.58940480067056,continuous_central95,ESTIMATED,-0.35108009558140785,0.09610581286103967,-0.5394440279571768,-0.16271616320563892,0.0002591358314487738,492220440.9484173,2.0,0.00923591095314373,2.7754169163109516e-07,0.7039273701256281,0.583072334192181,0.8498323678802113
50,11.074110677933376,122.79618753740095,140,578,107.6980548211959,166.58940480067056,continuous_central95,ESTIMATED,-0.3369174007581882,0.09202836905321798,-0.5172896900910023,-0.15654511142537406,0.0002512163564470673,504723224.3074715,2.0,0.008468843731900483,2.513191298717922e-07,0.7139678106670555,0.5961340684850669,0.8550929423713646
50,11.074110677933376,123.38406735121623,140,578,107.6980548211959,166.58940480067056,continuous_central95,ESTIMATED,-0.32283433191630995,0.0879972355463493,-0.49530574472859035,-0.15036291910402955,0.00024379916900530387,518837769.4819923,2.0,0.007743173508147695,2.2663710132452605e-07,0.7240938036646208,0.609384562693093,0.8603956657326087
50,11.074110677933376,123.9719471650315,140,578,107.6980548211959,166.58940480067056,continuous_central95,ESTIMATED,-0.3088412243587829,0.08401668811578618,-0.47351090753872715,-0.14417154117883865,0.00023696507782492237,534818737.2381493,2.0,0.007058498651529185,2.0348694406820726e-07,0.7342973493035234,0.6228117906395721,0.8657392253934018
50,11.074110677933376,124.55982697884676,140,578,107.6980548211959,166.58940480067056,continuous_central95,ESTIMATED,-0.2949484133886161,0.0800908244707789,-0.4519235451870547,-0.13797328159017755,0.00023080006655403745,552972071.9357831,2.0,0.006414267383526683,1.818539216233732e-07,0.7445699963182577,0.6364028239240005,0.8711219664285701
50,11.074110677933376,125.14770679266202,140,578,107.6980548211959,166.58940480067056,continuous_central95,ESTIMATED,-0.28116623430881893,0.0762235374998936,-0.43056162289805366,-0.1317708457195842,0.00022539734665809924,573667542.2244985,2.0,0.00580978509286866,1.6171741935178089e-07,0.7549028342983108,0.6501438564930048,0.876541835380328
50,11.074110677933376,125.73558660647728,140,578,107.6980548211959,166.58940480067056,continuous_central95,ESTIMATED,-0.2675050224224005,0.07241848536434903,-0.40944264583906054,-0.1255673990057404,0.00022086014507674705,597354926.8866265,2.0,0.005244222445723144,1.4305116219397278e-07,0.7652864870211784,0.6640202414631662,0.8819963167488826
50,11.074110677933376,126.32346642029256,140,578,107.6980548211959,166.58940480067056,continuous_central95,ESTIMATED,-0.25397511303236975,0.06867905813168447,-0.38858359372345774,-0.11936663234128173,0.00021730545533055778,624585072.1886117,2.0,0.00471662429067468,1.258234537439731e-07,0.7757111069034633,0.6780165415835807,0.8874823613712969
50,11.074110677933376,126.91134623410782,140,578,107.6980548211959,166.58940480067056,continuous_central95,ESTIMATED,-0.24058684144173675,0.06500834065441478,-0.36800084805417477,-0.11317283482929871,0.00021486906171354274,656037516.1559212,2.0,0.0042259193584854434,1.0999743666264865e-07,0.7861663706625459,0.692116594736114,0.8929963059134117
50,11.074110677933376,127.49922604792309,140,578,107.6980548211959,166.58940480067056,continuous_central95,ESTIMATED,-0.22735054295351032,0.06140907142842968,-0.34771011148762954,-0.10699097441939107,0.00021371225948948992,692557044.997429,2.0,0.003770930756640336,9.553137442866658e-08,0.7966414762826384,0.7063035958386967,0.8985337827427938
50,11.074110677933376,128.08710586173837,140,578,107.6980548211959,166.58940480067056,continuous_central95,ESTIMATED,-0.21427655287069958,0.057883597219833584,-0.32772631890396864,-0.10082678683743049,0.0002140308528454069,735202512.058249,2.0,0.003350387258676286,8.237895442698892e-08,0.8071251413799068,0.7205601964266146,0.9040896195462851
50,11.074110677933376,128.67498567555361,140,578,107.6980548211959,166.58940480067056,continuous_central95,ESTIMATED,-0.20137520649631468,0.054433823333606045,-0.3080635399354322,-0.0946868730571972,0.00021606723502759202,785312653.0855894,2.0,0.0029629353882956707,7.048961237577951e-08,0.8176056030617452,0.7348686230207283,0.9096577282210406
50,11.074110677933376,129.2628654893689,140,578,107.6980548211959,166.58940480067056,continuous_central95,ESTIMATED,-0.18865683913336362,0.051061159520528115,-0.288734872945872,-0.08857880532085521,0.0002201266662477712,844595690.3938719,2.0,0.002607152298263683,5.980887809058349e-08,0.8280706193751497,0.7492108151294361,0.9152309828227453
50,11.074110677933376,129.85074530318417,140,578,107.6980548211959,166.58940480067056,continuous_central95,ESTIMATED,-0.17613178608485636,0.047766461688133546,-0.2697523307863178,-0.08251124138339494,0.00022659929648107983,915252563.6515374,2.0,0.0022815594440900493,5.027874258697085e-08,0.8385074724384192,0.7635685833507538,0.9208010867205778
50,11.074110677933376,130.43862511699942,140,578,107.6980548211959,166.58940480067056,continuous_central95,ESTIMATED,-0.16381038265380268,0.04454996980430435,-0.25112671908825507,-0.07649404621935028,0.00023599007026978153,1000148161.4986945,2.0,0.0019846370524946484,4.183804652046362e-08,0.8489029733491148,0.777923787519763,0.9263584296072965
50,11.074110677933376,131.0265049308147,140,578,107.6980548211959,166.58940480067056,continuous_central95,ESTIMATED,-0.1517029641432108,0.0414112426641875,-0.23286750840912762,-0.07053841987729396,0.00024895943701585367,1103051720.9277182,2.0,0.0017148393846572758,3.44228899647987e-08,0.8592434689592146,0.7922585341645331,0.9318919356641953
50,11.074110677933376,131.61438474462994,140,578,107.6980548211959,166.58940480067056,continuous_central95,ESTIMATED,-0.13981986585609113,0.03834909053480825,-0.21498270221820565,-0.06465702949397661,0.0002663787910096909,1228977748.4879315,2.0,0.0014706107942516282,2.7967063527771494e-08,0.8695148506057392,0.8065553916758318,0.9373889049988429
50,11.074110677933376,132.20226455844522,140,578,107.6980548211959,166.58940480067056,continuous_central95,ESTIMATED,-0.1281714230954518,0.03536150709478336,-0.19747870350086733,-0.05886414269003626,0.00028940572733970383,1384674019.0989797,2.0,0.0012504025802632067,2.2402500804965782e-08,0.8797025648817404,0.8207976205574078,0.9428348514631039
50,11.074110677933376,132.7901443722605,140,578,107.6980548211959,166.58940480067056,continuous_central95,ESTIMATED,-0.11676797116430265,0.03244560254055649,-0.18036018364923048,-0.053175758679374824,0.00031958527378937507,1579325500.4595826,2.0,0.001052690634591509,1.7659752171490655e-08,0.8897916265283552,0.8349694149126746,0.948213341111158
50,11.074110677933376,133.37802418607575,140,578,107.6980548211959,166.58940480067056,continuous_central95,ESTIMATED,-0.10561984536565355,0.029597540221377602,-0.1636299582689903,-0.04760973246231681,0.00035898350704501546,1825574336.4562821,2.0,0.0008759938844361977,1.3668479911409123e-08,0.8997666335236933,0.8490561499638294,0.9535058368484219
50,11.074110677933376,133.96590399989103,140,578,107.6980548211959,166.58940480067056,continuous_central95,ESTIMATED,-0.09473738100251265,0.02681247967699783,-0.14728887553534936,-0.042185886469675936,0.00041035747208967484,2140995294.2241805,2.0,0.0007188935294673939,1.0357974685123487e-08,0.9096117844385208,0.8630446289235031,0.9586915562193561
50,11.074110677933376,134.5537838137063,140,578,107.6980548211959,166.58940480067056,continuous_central95,ESTIMATED,-0.0841309133778898,0.024084529480979073,-0.13133572376760608,-0.036926102988173524,0.0004773553845271282,2550199794.755685,2.0,0.0005800530737801481,7.657693334603865e-09,0.9193108981220581,0.8769233209650864,0.9637473507670952
50,11.074110677933376,135.14166362752155,140,578,107.6980548211959,166.58940480067056,continuous_central95,ESTIMATED,-0.07381077779479478,0.021406713885133644,-0.11576716605345685,-0.0318543895361327,0.0005647122095384281,3087711945.0940514,2.0,0.00045823915263293395,5.497818026439792e-09,0.9288474357737211,0.8906825802969494,0.9686476170397065
50,11.074110677933376,135.72954344133683,140,578,107.6980548211959,166.58940480067056,continuous_central95,ESTIMATED,-0.06378730955623585,0.01877095811953563,-0.10057771143754923,-0.02699690767492246,0.0006783293053934976,3801460789.4624124,2.0,0.00035234315397026137,3.809836732817593e-09,0.9382045254482084,0.9043148340763374,0.9733642514783674
50,11.074110677933376,136.31742325515208,140,578,107.6980548211959,166.58940480067056,continuous_central95,ESTIMATED,-0.05407084221747049,0.01616809898899795,-0.0857597339424504,-0.022381950492490567,0.0008249289723705477,4755466986.889165,2.0,0.00026140363420129397,2.5271444949551857e-09,0.9473649906878155,0.917814724455976,0.977866667058439
50,11.074110677933376,136.90530306896736,140,578,107.6980548211959,166.58940480067056,continuous_central95,ESTIMATED,-0.044667572038794776,0.013587981049969373,-0.07129952552468988,-0.018035618552899667,0.0010115824858243254,6033695916.537304,2.0,0.00018463085207467506,1.5846264344945658e-09,0.9563153349556086,0.9311829372947559,0.982126049826631
50,11.074110677933376,137.49318288278263,140,578,107.6980548211959,166.58940480067056,continuous_central95,ESTIMATED,-0.03557069897914923,0.011020269556858494,-0.0571700304138821,-0.013971367544416365,0.0012476701759081181,7764402727.937086,2.0,0.0001214449628481829,9.188384261516579e-10,0.9650545034498883,0.9444334732994532,0.986125779061213
50,11.074110677933376,138.08106269659788,140,578,107.6980548211959,166.58940480067056,continuous_central95,ESTIMATED,-0.026770877729121755,0.008455323849512688,-0.04334300795376744,-0.010198747504476066,0.0015446771640593507,10139408123.99174,2.0,7.14917914069362e-05,4.733288012409519e-10,0.973584285813611,0.9575828751860628,0.9898530833678747
50,11.074110677933376,138.66894251041316,140,578,107.6980548211959,166.58940480067056,continuous_central95,ESTIMATED,-0.018258762979299004,0.0058843095901308,-0.029791797850877176,-0.006725728107720831,0.0019159710889058484,13446087043.368536,2.0,3.4624800750259976e-05,1.9906816355156377e-10,0.9819069183224867,0.9706476034291613,0.9932968389798599
50,11.074110677933376,139.25682232422844,140,578,107.6980548211959,166.58940480067056,continuous_central95,ESTIMATED,-0.010025009420268838,0.003299218481939109,-0.016491358822430267,-0.0035586600181074087,0.0023767921698773144,18122856036.160717,2.0,1.0884761736205318e-05,5.390357551940052e-11,0.9900250734864099,0.9836438791953737,0.9964476645079512
50,11.074110677933376,139.8447021380437,140,578,107.6980548211959,166.58940480067056,continuous_central95,ESTIMATED,-0.0020602717426191214,0.0006928749431913968,-0.003418281677130634,-0.0007022618081076089,0.0029441319295693694,24852119360.401443,2.0,4.800726416171078e-07,2.0301902490369267e-12,0.9979418491604121,0.9965875539964624,0.9992979847200035
50,11.074110677933376,140.0,140,578,107.6980548211959,166.58940480067056,continuous_central95,ESTIMATED,0.0,0.0,0.0,0.0,,inf,2.0,0.0,0.0,1.0,1.0,1.0
50,11.074110677933376,140.43258195185896,140,578,107.6980548211959,166.58940480067056,continuous_central95,ESTIMATED,0.005644795363063397,0.0019410689730868574,0.0018403700841723848,0.00944922064195441,0.003636484033774196,34720050289.1615,2.0,3.7677285377864146e-06,1.348032936821371e-11,1.0056607572401188,1.0018420646045512,1.0094940054767738
50,11.074110677933376,141.0204617656742,140,578,107.6980548211959,166.58940480067056,continuous_central95,ESTIMATED,0.013099537206190465,0.004608148861168251,0.004067731402680581,0.02213134300970035,0.004473460339177141,49499355452.0202,2.0,2.1234940481676166e-05,6.363000671961917e-11,1.0131857120159544,1.0040760158512245,1.022378057863481
50,11.074110677933376,141.6083415794895,140,578,107.6980548211959,166.58940480067056,continuous_central95,ESTIMATED,0.02031329909617538,0.00731311175950879,0.00597986343238141,0.03464673475996935,0.005475277291177267,72166328739.43187,2.0,5.348140452271891e-05,1.3272289788971024e-10,1.020521018259339,1.0059977785078158,1.0352539249677744
50,11.074110677933376,142.19622139330477,140,578,107.6980548211959,166.58940480067056,continuous_central95,ESTIMATED,0.027295426342430304,0.010059946751490068,0.00757829302289785,0.04701255966196276,0.006662130754312474,107882156959.1738,2.0,0.0001012022205251822,2.054117555741346e-10,1.0276713591128537,1.0076070809606625,1.0481351732204538
50,11.074110677933376,142.78410120712002,140,578,107.6980548211959,166.58940480067056,continuous_central95,ESTIMATED,0.03405526425436739,0.012851920723456709,0.00886596250404455,0.05924456600469023,0.008053489360810082,165936545926.33347,2.0,0.00016517146080610983,2.7031727078005597e-10,1.0346417838548998,1.0089053815594402,1.0610347020290734
50,11.074110677933376,143.3719810209353,140,578,107.6980548211959,166.58940480067056,continuous_central95,ESTIMATED,0.040602158141399815,0.01569161776221368,0.009847152468150898,0.07135716381464874,0.009667345779416827,263792788757.01514,2.0,0.00024622638858885,3.196043798645628e-10,1.0414376956076987,1.0098957952070662,1.0739647387187032
50,11.074110677933376,143.95986083475054,140,578,107.6980548211959,166.58940480067056,continuous_central95,ESTIMATED,0.04694545331293941,0.018580980844297358,0.010527400060586847,0.08336350656529197,0.011519470611936396,436010569201.69165,2.0,0.0003452523262721193,3.4857601741210983e-10,1.0480648390556568,1.0105830081013256,1.0869368454240085
50,11.074110677933376,144.54774064856582,140,578,107.6980548211959,166.58940480067056,continuous_central95,ESTIMATED,0.05309449507839946,0.021521354660921466,0.010913415044412567,0.09527557511238635,0.013622714261867197,755342341940.8744,2.0,0.0004631681735146937,3.5528431494520986e-10,1.0545292882391561,1.0109731835867992,1.0999619354974766
50,11.074110677933376,145.1356204623811,140,578,107.6980548211959,166.58940480067056,continuous_central95,ESTIMATED,0.059058628747192,0.024513528619406928,0.011012995519120626,0.10710426197526338,0.015986398181098548,1386999310987.54,2.0,0.0006009125751356144,3.401592454749553e-10,1.0608374344867288,1.0110738617890462,1.113050297252355
50,11.074110677933376,145.72350027619635,140,578,107.6980548211959,166.58940480067056,continuous_central95,ESTIMATED,0.06484719962872942,0.027557779252183404,0.010834944800520989,0.11885945445693785,0.018615829147548668,2743671763645.9233,2.0,0.0007594307388299993,3.05654713885439e-10,1.066995974546417,1.0108938553870077,1.1262116231405974
50,11.074110677933376,146.31138009001162,140,578,107.6980548211959,166.58940480067056,continuous_central95,ESTIMATED,0.07046955303242466,0.030653911439954825,0.010388990624820717,0.13055011544002862,0.02151195988229757,5992105585577.616,2.0,0.0009396619027004536,2.559120931611638e-10,1.0730118989748614,1.010443143556889,1.1394550427535417
50,11.074110677933376,146.89925990382687,140,578,107.6980548211959,166.58940480067056,continuous_central95,ESTIMATED,0.07593503426768977,0.03380129801155239,0.009685707534336424,0.14218436100104312,0.024671207802515794,15034389889452.807,2.0,0.0011425274526039658,1.9644120644161633e-10,1.0788924808403748,1.0097327658077389,1.1527891583103635
50,11.074110677933376,147.48713971764215,140,578,107.6980548211959,166.58940480067056,continuous_central95,ESTIMATED,0.08125298864393787,0.03699891741717083,0.008736443039309455,0.1537695342485663,0.028085432396397186,46509276081970.695,2.0,0.0013689196893144947,1.3381875491942157e-10,1.084645264793968,1.008774717136428,1.166222081556066
50,11.074110677933376,148.07501953145743,140,578,107.6980548211959,166.58940480067056,continuous_central95,ESTIMATED,0.08643276147058108,0.040245389283833546,0.0075532479304726285,0.16531227501068954,0.031742061720796064,205064760856523.6,2.0,0.0016196912455010168,7.540419157545112e-11,1.090278056559959,1.0075818456642032,1.179761471220792
50,11.074110677933376,148.6628993452727,140,578,107.6980548211959,166.58940480067056,continuous_central95,ESTIMATED,0.09148369805703199,0.0435390077531721,0.006148810938204463,0.17681858517585952,0.03562435062545831,1889516450136987.5,2.0,0.0018956451525212188,2.907304074632696e-11,1.0957989128955519,1.0061677536813947,1.1934145703931012
50,11.074110677933376,149.25077915908795,140,578,107.6980548211959,166.58940480067056,continuous_central95,ESTIMATED,0.09641514371270288,0.046877772573813904,0.004536397792568134,0.1882938896328376,0.039711747877809046,2.4370028239365046e+17,2.0,0.002197525557030724,2.967663533820504e-12,1.1012161320665006,1.0045467028217123,1.2071882433312124
50,11.074110677933376,149.83865897290323,140,578,107.6980548211959,166.58940480067056,continuous_central95,ESTIMATED,0.10123644374700665,0.050259417976198026,0.002729794629713553,0.19974309286429975,0.04398034643025795,1.0228528835671107e+17,2.0,0.002526009087407974,5.265469045524989e-12,1.1065382448838204,1.002733523911693,1.2210890113796535
50,11.074110677933376,150.42653878671848,140,578,107.6980548211959,166.58940480067056,continuous_central95,ESTIMATED,0.1059569434693556,0.053681439398933314,0.0007432556091767628,0.21117063132953443,0.04840339040157555,1909450491690920.5,2.0,0.0028816968699944927,4.396457147788426e-11,1.1117740063444028,1.0007435318920723,1.2351230877766874
50,11.074110677933376,151.01441860053376,140,578,107.6980548211959,166.58940480067056,continuous_central95,ESTIMATED,0.11058598818916243,0.057141118165305,-0.0014085454511832546,0.2225805218295081,0.05295181352704781,295222225472124.0,2.0,0.003265107195151009,1.266868930325882e-10,1.1169323879164088,0.9985924460833656,1.2492964112333198
50,11.074110677933376,151.60229841434904,140,578,107.6980548211959,166.58940480067056,continuous_central95,ESTIMATED,0.11513292321583947,0.060635544228421885,-0.0037105596548545755,0.23397640608653353,0.05759478638079052,88535091112390.39,2.0,0.0036766688331288377,2.6049871266873666e-10,1.1220225705084204,0.9962963159648602,1.2636146782406916
50,11.074110677933376,152.19017822816429,140,578,107.6980548211959,166.58940480067056,continuous_central95,ESTIMATED,0.11960709385879897,0.06416163711580346,-0.006147404077308294,0.24536159179490624,0.062300253095191965,36908422305170.375,2.0,0.004116714999757057,4.5174866069682754e-10,1.1270539381596045,0.9938714525515777,1.2780833741224227
50,11.074110677933376,152.77805804197956,140,578,107.6980548211959,166.58940480067056,continuous_central95,ESTIMATED,0.12401784542745417,0.06771616521060524,-0.008703399556504815,0.2567390904114132,0.06703544215256856,18753055780017.59,2.0,0.004585477971945244,7.059231592034646e-10,1.1320360724865295,0.9913343653848739,1.2927078028947356
50,11.074110677933376,153.3659378557948,140,578,107.6980548211959,166.58940480067056,continuous_central95,ESTIMATED,0.1283745232312169,0.07129576350864446,-0.011362605496026829,0.26811165195846065,0.07176733973804571,10876580933333.861,2.0,0.005083084353001597,1.027519308318788e-09,1.1369787479208415,0.9887017050967051,1.307493116032609
50,11.074110677933376,153.9538176696101,140,578,107.6980548211959,166.58940480067056,continuous_central95,ESTIMATED,0.1326864725795002,0.07489694998909993,-0.014108851951058848,0.27948179711005927,0.07646311784718955,6936445037431.913,2.0,0.005609550987766908,1.4199352183153073e-09,1.1418919277707544,0.9859902114630329,1.3224443402670603
50,11.074110677933376,154.54169748342537,140,578,107.6980548211959,166.58940480067056,continuous_central95,ESTIMATED,0.1369630387817164,0.07851614073316715,-0.016925769260408702,0.29085184682384146,0.08109051265380138,4751781787875.561,2.0,0.00616478152756383,1.88537778754046e-09,1.1467857611382164,0.9832166668264721,1.3375664045587863
50,11.074110677933376,155.12957729724062,140,578,107.6980548211959,166.58940480067056,continuous_central95,ESTIMATED,0.14121356714727779,0.0821496639198469,-0.01979681547774828,0.3022239497723038,0.08561815145856683,3442651999954.9985,2.0,0.006748563644961908,2.4247879262066084e-09,1.1516705807227614,0.9803978547405099,1.352864166408603
50,11.074110677933376,155.7174571110559,140,578,107.6980548211959,166.58940480067056,continuous_central95,ESTIMATED,0.14544740298559727,0.08579377282200054,-0.022705301843413073,0.3136001078146076,0.0900158288180794,2609317870947.526,2.0,0.0073605668983582,3.037783225980693e-09,1.156556901542377,0.9775505236660748,1.3683424376766307
50,11.074110677933376,156.30533692487114,140,578,107.6980548211959,166.58940480067056,continuous_central95,ESTIMATED,0.149673876382831,0.08944466348733841,-0.02563444266176046,0.32498219542742246,0.09425478818295022,2052753902601.6987,2.0,0.00800034224242729,3.7226239462913297e-09,1.1614554029201558,0.9746913300598485,1.384006004126035
50,11.074110677933376,156.89321673868642,140,578,107.6980548211959,166.58940480067056,continuous_central95,ESTIMATED,0.15389959289466565,0.09309948534752666,-0.02857204536583366,0.336371231155165,0.09831743412477323,1665584254089.7583,2.0,0.00866750745596552,4.477339206758042e-09,1.166373768684942,0.971832275612086,1.3998585994887653
50,11.074110677933376,157.4810965525017,140,578,107.6980548211959,166.58940480067056,continuous_central95,ESTIMATED,0.1581253094065001,0.09675754964458733,-0.031516003129402975,0.34776662194240315,0.10220792109173242,1385901320573.2634,2.0,0.009362015460726781,5.301665334010101e-09,1.171312962043913,0.9689754496901519,1.4159017707732429
50,11.074110677933376,158.06897636631697,140,578,107.6980548211959,166.58940480067056,continuous_central95,ESTIMATED,0.1623510259183347,0.10041850203082368,-0.03446562144374429,0.35916767328041366,0.10593351908130394,1177349402482.8809,2.0,0.01008386625671105,6.195602328023174e-09,1.1762730711947964,0.9661215529797348,1.432136912535126
50,11.074110677933376,158.65685618013222,140,578,107.6980548211959,166.58940480067056,continuous_central95,ESTIMATED,0.16657674243016904,0.10408203775216732,-0.03742030300185975,0.37057378786219786,0.10950167636155173,1017648227933.1193,2.0,0.010833059843918299,7.159150188804445e-09,1.181254184708805,0.9632711844835392,1.4485655455791415
50,11.074110677933376,159.2447359939475,140,578,107.6980548211959,166.58940480067056,continuous_central95,ESTIMATED,0.17080245894200366,0.10774789330103847,-0.040379531338382624,0.38198444922238994,0.11291984973317346,892565284468.2362,2.0,0.011609596222348594,8.192308916370984e-09,1.1862563915322224,0.9604248586398191,1.465189300122835
50,11.074110677933376,159.83261580776275,140,578,107.6980548211959,166.58940480067056,continuous_central95,ESTIMATED,0.17502817545383786,0.11141583969355366,-0.04334285765314891,0.39339920856082466,0.11619538478006186,792682203561.8221,2.0,0.012413475392001883,9.29507851069151e-09,1.1912797809879874,0.957583019111372,1.4820099022931115
50,11.074110677933376,160.42049562157803,140,578,107.6980548211959,166.58940480067056,continuous_central95,ESTIMATED,0.17925389196567237,0.11508567701528573,-0.04630989012108039,0.40481767405242514,0.11933543332627877,711573973251.9335,2.0,0.013244697352878207,1.0467458971794677e-08,1.1963244427772923,0.954746049973919,1.499029163226698
50,11.074110677933376,161.0083754353933,140,578,107.6980548211959,166.58940480067056,continuous_central95,ESTIMATED,0.183479608477507,0.118757229965813,-0.04928028515966429,0.4162395021146783,0.12234689847690375,644740130619.2161,2.0,0.014103262104977546,1.1709450299674075e-08,1.2013904669811828,0.9519142848566094,1.5162489702218094
50,11.074110677933376,161.59625524920855,140,578,107.6980548211959,166.58940480067056,continuous_central95,ESTIMATED,0.18770532498934114,0.12243034419570425,-0.052253740249574715,0.427664390228257,0.12523640000970468,588954282678.6451,2.0,0.014989169648299872,1.302105249432144e-08,1.2064779440621656,0.9490880144575529,1.5336712795181653
50,11.074110677933376,162.18413506302383,140,578,107.6980548211959,166.58940480067056,continuous_central95,ESTIMATED,0.19193104150117557,0.12610488327675332,-0.05522998799644033,0.43909207099879144,0.12801025468712837,541855481439.302,2.0,0.015902419982845247,1.4402265555736077e-08,1.2115869648658275,0.9462674927606458,1.5512981103791315
50,11.074110677933376,162.77201487683908,140,578,107.6980548211959,166.58940480067056,continuous_central95,ESTIMATED,0.19615675801301002,0.1297807261816939,-0.058208791191178166,0.4505223072171982,0.13067446741602057,501684241374.10236,2.0,0.01684301310861358,1.585308948391729e-08,1.216717620622454,0.9434529422074119,1.5691315402222883
50,11.074110677933376,163.35989469065436,140,578,107.6980548211959,166.58940480067056,continuous_central95,ESTIMATED,0.2003824745248445,0.133457765176446,-0.06118993867887121,0.4619548877285602,0.13323473020480783,467107696494.4896,2.0,0.017810949025604983,1.7373524278874733e-08,1.221870002948659,0.9406445580226206,1.587173700599726
50,11.074110677933376,163.94777450446963,140,578,107.6980548211959,166.58940480067056,continuous_central95,ESTIMATED,0.20460819103667902,0.13713590404840856,-0.06417324188628656,0.47338962395964457,0.1356964266374752,437101183060.3022,2.0,0.018806227733819406,1.8963569940619912e-08,1.2270442038490228,0.937842511850507,1.605426773871264
50,11.074110677933376,164.53565431828488,140,578,107.6980548211959,166.58940480067056,continuous_central95,ESTIMATED,0.2088339075485136,0.14081505661006724,-0.06715853188900006,0.4848263469860273,0.1380646401631029,410866409167.09827,2.0,0.019828849233256736,2.0623226469126728e-08,1.2322403157177324,0.935046954826135,1.6238929904461055
50,11.074110677933376,165.12353413210016,140,578,107.6980548211959,166.58940480067056,continuous_central95,ESTIMATED,0.21305962406034828,0.144495145429381,-0.07014565692299984,0.4962649050436964,0.14034416493602864,387773868240.62506,2.0,0.02087881352391717,2.235249386438792e-08,1.237458431340233,0.9322580201814418,1.6425746264934238
50,11.074110677933376,165.7114139459154,140,578,107.6980548211959,166.58940480067056,continuous_central95,ESTIMATED,0.21728534057218252,0.1481761007479235,-0.07313448026428304,0.5077051614086481,0.14253951827028677,367321637083.3157,2.0,0.021956120605800586,2.4151372126431908e-08,1.242698643894884,0.9294758254660046,1.661474002041881
50,11.074110677933376,166.2992937597307,140,578,107.6980548211959,166.58940480067056,continuous_central95,ESTIMATED,0.22151105708401703,0.1518578595552398,-0.07612487841462662,0.5191469925826606,0.14465495401944803,349105447517.2689,2.0,0.023060770478907054,2.6019861255272737e-08,1.247961046954624,0.9267004744472286,1.6805934794034343
75,16.976185659783198,107.51131237820402,140,577,106.66367296033754,166.69344659787564,continuous_central95,ESTIMATED,-0.8563909076837177,0.2314493798061841,-1.310023359786079,-0.4027584555813563,0.0002154960425174807,159698481.1311116,2.0,0.05356457642991069,2.8259885043783827e-06,0.42469207261495023,0.2698137535195069,0.6684735458785361
75,16.976185659783198,108.09919219201929,140,577,106.66367296033754,166.69344659787564,continuous_central95,ESTIMATED,-0.8387716365524092,0.22641418943890404,-1.2825352967905879,-0.3950079763142304,0.00021173338360806683,160376290.31576452,2.0,0.051259337210073384,2.6986461350271364e-06,0.4322411466883879,0.2773332861973342,0.6736746657866141
75,16.976185659783198,108.68707200583455,140,577,106.66367296033754,166.69344659787564,continuous_central95,ESTIMATED,-0.8211523654211006,0.22138150954838534,-1.2550521542390691,-0.387252576603132,0.00020790012245276867,161096089.39012957,2.0,0.049005911410841804,2.574239386682207e-06,0.4399244086194312,0.28506098069821806,0.6789195940641274
75,16.976185659783198,109.27495181964983,140,577,106.66367296033754,166.69344659787564,continuous_central95,ESTIMATED,-0.8035330942897918,0.21635151532772992,-1.2275742755036898,-0.3794919130758938,0.000203995565790151,161861742.85693172,2.0,0.04680429903221594,2.452768259343348e-06,0.44774424365174753,0.29300245958750776,0.6842089585374346
75,16.976185659783198,109.86283163346509,140,577,106.66367296033754,166.69344659787564,continuous_central95,ESTIMATED,-0.7859138231584832,0.21132439855190738,-1.2001020364564807,-0.37172560986048564,0.00020001917000884127,162677590.45349124,2.0,0.04465450007419588,2.3342327530110573e-06,0.45570307942767907,0.3011634806899852,0.6895434204840999
75,16.976185659783198,110.45071144728036,140,577,106.66367296033754,166.69344659787564,continuous_central95,ESTIMATED,-0.7682945520271748,0.20630036957330714,-1.1726358493805464,-0.36395325467380324,0.00019597057051578724,163548520.9005261,2.0,0.04255651453678158,2.218632867685317e-06,0.46380338674189686,0.3095499379774382,0.6949236784177042
75,16.976185659783198,111.03859126109562,140,577,106.66367296033754,166.69344659787564,continuous_central95,ESTIMATED,-0.7506752808958663,0.20127965961039898,-1.1451761674557561,-0.3561743943359766,0.00019184961581246427,164480059.58482516,2.0,0.04051034241997303,2.1059686033654256e-06,0.4720476803084507,0.3181678620302065,0.700350472429029
75,16.976185659783198,111.6264710749109,140,577,106.66367296033754,166.69344659787564,continuous_central95,ESTIMATED,-0.7330560097645573,0.19626252338057376,-1.1177234899190183,-0.34838852961009636,0.000187656407058038,165478473.3031908,2.0,0.038515983723770186,1.9962399600520846e-06,0.48043851954145406,0.32702341997887596,0.7058245891810868
75,16.976185659783198,112.21435088872616,140,577,106.66367296033754,166.69344659787564,continuous_central95,ESTIMATED,-0.715436738633249,0.19124924213857622,-1.0902783680195012,-0.3405951092469969,0.00018339134404223966,166550896.01562425,2.0,0.03657343844817314,1.8894469377450597e-06,0.488978509349645,0.3361229148125466,0.7113468676753122
75,16.976185659783198,112.80223070254142,140,577,106.66367296033754,166.69344659787564,continuous_central95,ESTIMATED,-0.6978174675019404,0.1862401271946691,-1.062841411914103,-0.33279352308977794,0.00017905517866601806,167705480.6198726,2.0,0.03468270659318185,1.7855895364447711e-06,0.4976703009450732,0.34547278391574004,0.7169182059307087
75,16.976185659783198,113.39011051635669,140,577,106.66367296033754,166.69344659787564,continuous_central95,ESTIMATED,-0.6801981963706318,0.18123552400241663,-1.0354132986793645,-0.32498309406189907,0.00017464907724369736,168951583.16043457,2.0,0.03284378815879631,1.6846677561501633e-06,0.506516592666159,0.35507959666579947,0.7225395687480427
75,16.976185659783198,113.97799033017196,140,577,106.66367296033754,166.69344659787564,continuous_central95,ESTIMATED,-0.6625789252393229,0.17623581692553808,-1.007994781654329,-0.3171630688243168,0.00017017469320833328,170299987.73065025,2.0,0.03105668314501648,1.5866815968620817e-06,0.5155201308153842,0.36495005088504284,0.7282119967689056
75,16.976185659783198,114.56587014398723,140,577,106.66367296033754,166.69344659787564,continuous_central95,ESTIMATED,-0.6449596541080145,0.17124143481771675,-0.9805867013767677,-0.30933260683926117,0.00016563425213862794,171763182.7940467,2.0,0.02932139155184247,1.4916310585801249e-06,0.5246837105118718,0.3750909678948693,0.7339366170866183
75,16.976185659783198,115.15374995780249,140,577,106.66367296033754,166.69344659787564,continuous_central95,ESTIMATED,-0.6273403829767061,0.16625285757991093,-0.9531899984352714,-0.30149076751814086,0.00016103065145426049,173355702.9595069,2.0,0.027637913379274192,1.3995161413046823e-06,0.5340101765591233,0.38550928585984845,0.7397146557252534
75,16.976185659783198,115.74162977161775,140,577,106.66367296033754,166.69344659787564,continuous_central95,ESTIMATED,-0.6097211118453975,0.1612706238984001,-0.9258057286355437,-0.29363649505525125,0.00015636757767972087,175094554.74565366,2.0,0.02600624862731167,1.310336845035736e-06,0.5435024243281779,0.3962120510350167,0.7455474523779694
75,16.976185659783198,116.32950958543303,140,577,106.66367296033754,166.69344659787564,continuous_central95,ESTIMATED,-0.5921018407140886,0.1562953404158599,-0.898435080975378,-0.28576860045279906,0.00015164964490240468,176999751.03297988,2.0,0.024426397295954867,1.2240931697727466e-06,0.5531634006564703,0.40720640643452094,0.7514364778910569
75,16.976185659783198,116.9173893992483,140,577,106.66367296033754,166.69344659787564,continuous_central95,ESTIMATED,-0.57448256958278,0.1513276926503445,-0.8710793990454707,-0.27788574012008926,0.00014688255901941898,179094987.4472802,2.0,0.022898359385203855,1.140785115516421e-06,0.5629961047626674,0.4184995773182,0.7573833551017831
75,16.976185659783198,117.50526921306356,140,577,106.66367296033754,166.69344659787564,continuous_central95,ESTIMATED,-0.5568632984514716,0.1463684580573356,-0.8437402066305648,-0.2699863902723784,0.00014207331368478555,181408505.89738184,2.0,0.021422134895058606,1.0604126822660764e-06,0.5730035891777665,0.4300988527363954,0.7633898837945416
75,16.976185659783198,118.09314902687882,140,577,106.66367296033754,166.69344659787564,continuous_central95,ESTIMATED,-0.5392440273201631,0.1414185217336263,-0.8164192384884987,-0.26206881615182737,0.00013723042569592988,183974207.48153433,2.0,0.0199977238255191,9.82975870022372e-07,0.583188960692743,0.44201156217106896,0.7694580707421661
75,16.976185659783198,118.6810288406941,140,577,106.66367296033754,166.69344659787564,continuous_central95,ESTIMATED,-0.5216255752453429,0.1364791917623434,-0.7891198774715925,-0.25413127301909333,0.00013236545406452452,186832336.53205252,2.0,0.01862520706337656,9.084804839657839e-07,0.5935548951678562,0.45424441014030825,0.7755899813250384
75,16.976185659783198,119.26890865450936,140,577,106.66367296033754,166.69344659787564,continuous_central95,ESTIMATED,-0.5040170917843085,0.131554897445873,-0.7618599544104248,-0.24617422915819237,0.0001275041976651385,190023376.10317758,2.0,0.01730543555989221,8.369880679717688e-07,0.6040990576368326,0.46679739720482294,0.7817860031417045
75,16.976185659783198,119.85678846832462,140,577,106.66367296033754,166.69344659787564,continuous_central95,ESTIMATED,-0.48643258469165285,0.12665181895156483,-0.7346655899652095,-0.23819957941809616,0.00012268028679324978,193590230.59998396,2.0,0.016039530371599886,7.685814267144202e-07,0.6148157898812534,0.4796658372266659,0.7880453977561186
75,16.976185659783198,120.44466828213989,140,577,106.66367296033754,166.69344659787564,continuous_central95,ESTIMATED,-0.4688861223638266,0.12177610726949335,-0.707562908251617,-0.23020933647603614,0.00011792748584269753,197583274.23864016,2.0,0.014828365309908158,7.033278686621465e-07,0.625698832203365,0.49284384070429726,0.7943672950466094
75,16.976185659783198,121.03254809595516,140,577,106.66367296033754,166.69344659787564,continuous_central95,ESTIMATED,-0.4513917731972801,0.11693384899681279,-0.6805779071775184,-0.2222056392170417,0.00011327950662399995,202061972.88815236,2.0,0.013672563122889995,6.41278879613823e-07,0.6367413351173851,0.5063242993522914,0.8007506816594093
75,16.976185659783198,121.62042790977043,140,577,106.66367296033754,166.69344659787564,continuous_central95,ESTIMATED,-0.4339636055884652,0.11213105170238691,-0.6537364297581909,-0.21419078141873954,0.00010876997096106497,207096851.08027375,2.0,0.012572499050436309,5.824702980376337e-07,0.6479358362997175,0.5200988289675209,0.8071943726441869
75,16.976185659783198,122.20830772358569,140,577,106.66367296033754,166.69344659787564,continuous_central95,ESTIMATED,-0.41661568793383197,0.10737362745447018,-0.6270641318311618,-0.2061672440365021,0.00010443244735980898,212771973.35947028,2.0,0.011528305488913659,5.269225451296663e-07,0.6592742383090466,0.5341577178604185,0.8136969789352564
75,16.976185659783198,122.79618753740095,140,577,106.66367296033754,166.69344659787564,continuous_central95,ESTIMATED,-0.39936208862983136,0.10266737420763754,-0.6005864455752656,-0.19813773168439708,0.00010030058486605893,219188096.81991538,2.0,0.010539877765326687,4.746409095939769e-07,0.6707477872306382,0.5484898822931527,0.8202568699969875
75,16.976185659783198,123.38406735121623,140,577,106.66367296033754,166.69344659787564,continuous_central95,ESTIMATED,-0.38221687607291366,0.09801795470634679,-0.5743285381623837,-0.19010521398344357,9.6408373625187e-05,226466706.78683314,2.0,0.00960688102098474,4.256158871418648e-07,0.6823470524079639,0.5630828305314368,0.826872130855786
75,16.976185659783198,123.9719471650315,140,577,106.66367296033754,166.69344659787564,continuous_central95,ESTIMATED,-0.36519411865953044,0.09343087252099887,-0.548315264788988,-0.18207297253007293,9.279057036791295e-05,234755224.68480885,2.0,0.008728758204673073,3.7982357471276977e-07,0.6940619074331914,0.5779226372887942,0.8335405126362585
75,16.976185659783198,124.55982697884676,140,577,106.66367296033754,166.69344659787564,continuous_central95,ESTIMATED,-0.3483078847861322,0.08891144478922476,-0.5225711152500414,-0.17404465432222305,8.948333912418533e-05,244233786.0671791,2.0,0.007904739175328242,3.3722611941414793e-07,0.7058815125760887,0.592993930518543,0.8402593756077674
75,16.976185659783198,125.14770679266202,140,577,106.66367296033754,166.69344659787564,continuous_central95,ESTIMATED,-0.3315722428491698,0.08446477119220416,-0.4971201531337017,-0.1660243325646379,8.652517447247931e-05,255124142.3272598,2.0,0.007133850914218128,2.97772222182788e-07,0.7177942988383297,0.6082798926849264,0.8470256236329098
75,16.976185659783198,125.73558660647728,140,577,106.66367296033754,166.69344659787564,continuous_central95,ESTIMATED,-0.3150012612450937,0.08009569865586103,-0.47198594663693294,-0.15801657585325446,8.395819890097034e-05,267701464.2330144,2.0,0.0064149288466262494,2.613976961657557e-07,0.7297879538270001,0.6237622788139285,0.8538356287970953
75,16.976185659783198,126.32346642029256,140,577,106.66367296033754,166.69344659787564,continuous_central95,ESTIMATED,-0.29860900837035453,0.07580878123384024,-0.4471914899375836,-0.15002652680312545,8.18299608942034e-05,282310153.5914292,2.0,0.005746629273040515,2.280260798219094e-07,0.7418494096471178,0.6394214537764996,0.8606851448968438
75,16.976185659783198,126.91134623410782,140,577,106.66367296033754,166.69344659787564,continuous_central95,ESTIMATED,-0.28240955262140377,0.07160823460890214,-0.42275911401875643,-0.14205999122405108,8.019591143854635e-05,299385254.7528705,2.0,0.0051274429098464545,1.9756930474390854e-07,0.7539648330181233,0.655236451378476,0.867569208385955
75,16.976185659783198,127.49922604792309,140,577,106.66367296033754,166.69344659787564,continuous_central95,ESTIMATED,-0.2664169623946918,0.06749788464946142,-0.39871038584147206,-0.13412353894791157,7.912281172454597e-05,319481785.01866806,2.0,0.004555709539524701,1.6992841820028832e-07,0.7661196178234201,0.6711850579036444,0.8744820253405649
75,16.976185659783198,128.08710586173837,140,577,106.66367296033754,166.69344659787564,continuous_central95,ESTIMATED,-0.25064530608666913,0.06348110948852131,-0.3750659948214622,-0.12622461735187607,7.869343595678417e-05,343315407.88403696,2.0,0.004029633770353033,1.4499436039835066e-07,0.778298380305002,0.6872439227543737,0.8814168430295288
75,16.976185659783198,128.67498567555361,140,577,106.66367296033754,166.69344659787564,continuous_central95,ESTIMATED,-0.2351086520937876,0.0595607746659454,-0.35184562571035394,-0.11837167847722121,7.901309857209348e-05,371819575.6073268,2.0,0.0035473019056128235,1.2264879646664313e-07,0.7904849571169211,0.7033886987261069,0.8883658047958741
75,16.976185659783198,129.2628654893689,140,577,106.66367296033754,166.69344659787564,continuous_central95,ESTIMATED,-0.21982106881249644,0.05573916100736053,-0.32906781724090617,-0.1105743203840867,8.021878225469174e-05,406226930.77681917,2.0,0.0031066999222997232,1.0276500315835399e-07,0.8026624064516275,0.719594214198088,0.895319787206301
75,16.976185659783198,129.85074530318417,140,577,106.66367296033754,166.69344659787564,continuous_central95,ESTIMATED,-0.20479662463924728,0.052017885121893016,-0.3067498063054322,-0.10284344297306236,8.249201289297893e-05,448186987.98436004,2.0,0.002705732559339046,8.520881027505529e-08,0.8148130124519508,0.7358346790756436,0.9022682188545943
75,16.976185659783198,130.43862511699942,140,577,106.66367296033754,166.69344659787564,continuous_central95,ESTIMATED,-0.19004938797049148,0.04839781270574668,-0.28490735803392353,-0.09519141790705946,8.607718009476082e-05,499938949.28514653,2.0,0.0023422435153053196,6.983959681026764e-08,0.8269182931185884,0.7520839256256139,0.9091988808633988
75,16.976185659783198,131.0265049308147,140,577,106.66367296033754,166.69344659787564,continuous_central95,ESTIMATED,-0.17559342720267856,0.04487896525833705,-0.26355458296102086,-0.08763227144433625,9.130782197982017e-05,564569722.8037484,2.0,0.0020140367556463028,5.651134181400642e-08,0.8389590119182178,0.7683156843496357,0.9160976900720041
75,16.976185659783198,131.61438474462994,140,577,106.66367296033754,166.69344659787564,continuous_central95,ESTIMATED,-0.16144281073226063,0.04146042136793258,-0.24270374354942065,-0.08018187791510063,9.864459254910058e-05,646405928.4919996,2.0,0.0017188989294115542,4.507372997727805e-08,0.8509151932907056,0.7845038936868417,0.9229484671773828
75,16.976185659783198,132.20226455844522,140,577,106.66367296033754,166.69344659787564,continuous_central95,ESTIMATED,-0.1476116069556871,0.03814021441278339,-0.2223650536877565,-0.07285816022361767,0.00010873033410732027,751620392.9392983,2.0,0.0014546228954851843,3.537331193694724e-08,0.8627661422452135,0.8006230405875053,0.9297326937511879
75,16.976185659783198,132.7901443722605,140,577,106.66367296033754,166.69344659787564,continuous_central95,ESTIMATED,-0.1341138842694094,0.03491522934769572,-0.2025464763959995,-0.0656812921428193,0.0001224699622204824,889188119.3220916,2.0,0.0012190323583232408,2.725471930108638e-08,0.874490468224132,0.8166485268357685,0.9364292641020742
75,16.976185659783198,133.37802418607575,140,577,106.66367296033754,166.69344659787564,continuous_central95,ESTIMATED,-0.12096371106987899,0.031781102185055705,-0.18325352681187743,-0.05867389532788057,0.00014114556782211766,1072421130.0645562,2.0,0.001010007613195361,2.056193439451272e-08,0.8860661134007302,0.8325570534427105,0.9430142403701353
75,16.976185659783198,133.96590399989103,140,577,106.66367296033754,166.69344659787564,continuous_central95,ESTIMATED,-0.10817515575354539,0.028732126798288637,-0.16448908952900826,-0.0518612219780825,0.00016657928824540251,1321474942.9314349,2.0,0.0008255124009308489,1.513961472480019e-08,0.897470385560975,0.8483270125411098,0.9494606219673255
75,16.976185659783198,134.5537838137063,140,577,106.66367296033754,166.69344659787564,continuous_central95,ESTIMATED,-0.09576228671685999,0.025761174737917364,-0.14625326143927037,-0.04527131199444962,0.0002013548789044277,1667495302.1856537,2.0,0.000663621872169259,1.0834472168532529e-08,0.9086799957021773,0.8639388730727618,0.9557381434320152
75,16.976185659783198,135.14166362752155,140,577,106.66367296033754,166.69344659787564,continuous_central95,ESTIMATED,-0.08373917235627414,0.022859634865316822,-0.12854323341714316,-0.038935111295405105,0.0002490942111782368,2159501838.6399255,2.0,0.0005225516611152916,7.496706877885991e-09,0.9196711004608805,0.879375543186887,0.9618131179288171
75,16.976185659783198,135.72954344133683,140,577,106.66367296033754,166.69344659787564,continuous_central95,ESTIMATED,-0.07211988106823747,0.020017380973593464,-0.11135322685781168,-0.032886535278663254,0.0003147314462770537,2875589872.1436844,2.0,0.00040068806879812015,4.981495907675056e-09,0.9304193494596694,0.8946226883506416,0.9676483473104771
75,16.976185659783198,136.31742325515208,140,577,106.66367296033754,166.69344659787564,continuous_central95,ESTIMATED,-0.06091847887016382,0.017222777940220587,-0.09467450335709776,-0.027162454383229888,0.00040456505332878547,3939685154.4154024,2.0,0.00029661935417479445,3.1505355696105333e-09,0.9408999398757893,0.9096689804839253,0.9732031275676855
75,16.976185659783198,136.90530306896736,140,577,106.66367296033754,166.69344659787564,continuous_central95,ESTIMATED,-0.05014340010077371,0.014462743719648768,-0.07848985691510013,-0.021796943286447303,0.0005261573754866022,5549934223.98778,2.0,0.00020916814815652923,1.8718291404206532e-09,0.9510930278852596,0.9245114372819947,0.9784388934671845
75,16.976185659783198,137.49318288278263,140,577,106.66367296033754,166.69344659787564,continuous_central95,ESTIMATED,-0.03978538855602348,0.011723688083986383,-0.06276339497007007,-0.016807382141976898,0.0006898293210654672,8057000398.7600355,2.0,0.00013744333105570816,1.0208232641029366e-09,0.9609956576888545,0.9391656587218395,0.9833330739048651
75,16.976185659783198,138.08106269659788,140,577,106.66367296033754,166.69344659787564,continuous_central95,ESTIMATED,-0.029831723417022005,0.008992838376470068,-0.047457362755456256,-0.01220608407858775,0.0009089989921480363,12098797433.810053,2.0,8.087040683657572e-05,4.901524913928166e-10,0.9706088505476879,0.9536511333223818,0.9878681079939882
75,16.976185659783198,138.66894251041316,140,577,106.66367296033754,166.69344659787564,continuous_central95,ESTIMATED,-0.020269683864876802,0.006258448321415696,-0.03253601717474289,-0.008003350555010716,0.0012004571886452735,18884955852.20749,2.0,3.916789037181901e-05,1.900133412835936e-10,0.9799343651816111,0.9679875850254451,0.992028590985126
75,16.976185659783198,139.25682232422844,140,577,106.66367296033754,166.69344659787564,continuous_central95,ESTIMATED,-0.011086549080696718,0.003509842862003518,-0.01796571468188857,-0.004207383479504866,0.0015847322410308645,30841405096.93682,2.0,1.2318926769091679e-05,4.676457691282551e-11,0.9889746802217786,0.9821947066389952,0.995801455158176
75,16.976185659783198,139.8447021380437,140,577,106.66367296033754,166.69344659787564,continuous_central95,ESTIMATED,-0.0022695982455906184,0.000737441649740798,-0.0037149573198152833,-0.0008242391713659538,0.0020862940819152734,53174210277.39815,2.0,5.438178284412094e-07,1.5722208135884104e-12,0.9977329753451337,0.996291934597095,0.9991761004204318
75,16.976185659783198,140.0,140,577,106.66367296033754,166.69344659787564,continuous_central95,ESTIMATED,0.0,0.0,0.0,0.0,,inf,2.0,0.0,0.0,1.0,1.0,1.0
75,16.976185659783198,140.43258195185896,140,577,106.66367296033754,166.69344659787564,continuous_central95,ESTIMATED,0.006193889459333862,0.0020672371125840918,0.002142179171114443,0.01024559974755328,0.0027335249374312626,98030626617.24333,2.0,4.27345563068074e-06,9.099309515585435e-12,1.0062131112580572,1.0021444752761783,1.0102982656154413
75,16.976185659783198,141.0204617656742,140,577,106.66367296033754,166.69344659787564,continuous_central95,ESTIMATED,0.014316634852967438,0.004911590131237974,0.0046900950888594875,0.02394317461707539,0.003558394879791288,196933812517.88214,2.0,2.4123663256693006e-05,3.6240387503724927e-11,1.0144196086958528,1.0047011107996748,1.0242321138548305
75,16.976185659783198,141.6083415794895,140,577,106.66367296033754,166.69344659787564,continuous_central95,ESTIMATED,0.02211135875420254,0.007801957061454237,0.006819803904782597,0.03740291360362248,0.004595804124468495,444003668175.1186,2.0,6.087044263766483e-05,6.090074053130432e-11,1.0223576266033096,1.0068431117222214,1.038111205713167
75,16.976185659783198,142.19622139330477,140,577,106.66367296033754,166.69344659787564,continuous_central95,ESTIMATED,0.02959078198193033,0.010743660259278467,0.00853359481158869,0.05064796915227197,0.005882588144680652,1180620135374.5518,2.0,0.00011542612953624703,7.082036828859446e-11,1.0300329396592955,1.0085701097257143,1.051952508360282
75,16.976185659783198,142.78410120712002,140,577,106.66367296033754,166.69344659787564,continuous_central95,ESTIMATED,0.03676762535504199,0.013741053428420035,0.009835655525690067,0.06369959518439391,0.007456221395581618,4063818448440.4307,2.0,0.00018881645565864934,6.244269642635755e-11,1.0374519153053556,1.0098841845599609,1.0657721875699362
75,16.976185659783198,143.3719810209353,140,577,106.66367296033754,166.69344659787564,continuous_central95,ESTIMATED,0.043654609692429784,0.01679757654067171,0.010731964645156536,0.07657725473970303,0.009353293952904657,22306241023646.13,2.0,0.00028215851789768266,3.9828027934949656e-11,1.0446214904346132,1.0107897587407593,1.0795855902193654
75,16.976185659783198,143.95986083475054,140,577,106.66367296033754,166.69344659787564,continuous_central95,ESTIMATED,0.050264455812984526,0.019915814698984607,0.011230176280201162,0.08929873534576789,0.011607865850069038,377383484298302.94,2.0,0.00039663965470669056,1.3611733879557606e-11,1.0515491478930328,1.0112934714264892,1.0934072469338003
75,16.976185659783198,144.54774064856582,140,577,106.66367296033754,166.69344659787564,continuous_central95,ESTIMATED,0.05660988453559862,0.023097558953604796,0.01133950085574257,0.10188026821545468,0.014249821096993324,2.4513828060153313e+21,2.0,0.0005334972296044739,7.183487521079787e-15,1.0582428929403656,1.0114040366996413,1.1072508906659293
75,16.976185659783198,145.1356204623811,140,577,106.66367296033754,166.69344659787564,continuous_central95,ESTIMATED,0.0627036166791631,0.026343867438005417,0.011070585287174917,0.11433664807115129,0.01730334478053687,543081777871654.44,2.0,0.0006939993218110816,1.985341359534289e-11,1.0647112298129078,1.011132090974919,1.1211294874408584
75,16.976185659783198,145.72350027619635,140,577,106.66367296033754,166.69344659787564,continuous_central95,ESTIMATED,0.0685583730625694,0.02965512553633645,0.010435395054333968,0.12668135107080483,0.020785632876404253,36004800898723.69,2.0,0.0008794263240145679,9.770753744796085e-11,1.0709631385247018,1.0104900336824676,1.1350552760019565
75,16.976185659783198,146.31138009001162,140,577,106.66367296033754,166.69344659787564,continuous_central95,ESTIMATED,0.07418687450470957,0.03303110411024061,0.009447100079034945,0.1389266489303842,0.024705918679300685,7767640042413.377,2.0,0.0010910534472687145,2.6098189285320485e-10,1.0770080520380032,1.009491864783488,1.1490398136130349
75,16.976185659783198,146.89925990382687,140,577,106.66367296033754,166.69344659787564,continuous_central95,ESTIMATED,0.07960184182447459,0.03647101509021205,0.00811996576801019,0.151083717880939,0.02906486693584565,2705381065749.3564,2.0,0.0013301341330215805,5.391259296924257e-10,1.0828558339278407,1.0081530221015707,1.1630940257732254
75,16.976185659783198,147.48713971764215,140,577,106.66367296033754,166.69344659787564,continuous_central95,ESTIMATED,0.08481599584075675,0.03997356397113446,0.0064692501235478345,0.16316274155796567,0.03385435211493452,1224021755535.2126,2.0,0.0015978843722751236,9.628528367885698e-10,1.0885167566593923,1.0064902209195135,1.1772282580607745
75,16.976185659783198,148.07501953145743,140,577,106.66367296033754,166.69344659787564,continuous_central95,ESTIMATED,0.0898420573724471,0.043536998943335306,0.004511107448393434,0.17517300729650076,0.03905760541718382,653288726131.4816,2.0,0.0018954679318756175,1.563410908121881e-09,1.0940014805906892,1.0045212978111104,1.1914523287286969
75,16.976185659783198,148.6628993452727,140,577,106.66367296033754,166.69344659787564,continuous_central95,ESTIMATED,0.09469274723843737,0.04715915654233611,0.0022624988738858404,0.1871229956029889,0.04464968944839964,390740993488.2124,2.0,0.0022239824879350897,2.3718996484193968e-09,1.099321033807013,1.0022650602558068,1.2057755810245188
75,16.976185659783198,149.25077915908795,140,577,106.66367296033754,166.69344659787564,continuous_central95,ESTIMATED,0.09938078625761884,0.0508375038168631,-0.00025889028782513646,0.19902046280306282,0.050598241742815624,254009522486.9364,2.0,0.002584446666383643,3.4186306180617215e-09,1.1044867928872135,0.9997411432213736,1.2202069344986044
75,16.976185659783198,149.83865897290323,140,577,106.66367296033754,166.69344659787564,continuous_central95,ESTIMATED,0.10391889524888345,0.054569177100743695,-0.0030347265352976965,0.2108725170330646,0.05686441884713158,175962367071.37057,2.0,0.0029777879906528037,4.732533017390705e-09,1.1095104646962144,0.9969698735927209,1.2347549348048799
75,16.976185659783198,150.42653878671848,140,577,106.66367296033754,166.69344659787564,continuous_central95,ESTIMATED,0.10831979503112263,0.058351017535220394,-0.006046097800254585,0.22268568786249984,0.06340397067167754,128159249285.83139,2.0,0.003404831736489582,6.340604010356341e-09,1.114404069292146,0.9939721430685102,1.2494278016897056
75,16.976185659783198,151.01441860053376,140,577,106.66367296033754,166.69344659787564,continuous_central95,ESTIMATED,0.112596206423228,0.06217960352887011,-0.009273577067854602,0.2344659899143106,0.07016837878773416,97201054655.02576,2.0,0.003866290693901794,8.267403787489694e-09,1.119179924031003,0.9907692899354689,1.2642334750157869
75,16.976185659783198,151.60229841434904,140,577,106.66367296033754,166.69344659787564,continuous_central95,ESTIMATED,0.11676085024409097,0.06605128036705273,-0.012697280410145534,0.24621898089832747,0.07710600051426827,76226631074.47923,2.0,0.004362755836233952,1.0534595368273585e-08,1.123850628946411,0.9873829899571325,1.2791796587847628
75,16.976185659783198,152.19017822816429,140,577,106.66367296033754,166.69344659787564,continuous_central95,ESTIMATED,0.12082644731260282,0.0699621871954276,-0.016296919872784213,0.25794981449798987,0.08416317123469007,61478645721.843666,2.0,0.004894687896374339,1.3160529142839006e-08,1.1284290534771493,0.9838351564733441,1.2942738632107775
75,16.976185659783198,152.77805804197956,140,577,106.66367296033754,166.69344659787564,continuous_central95,ESTIMATED,0.12480571844765592,0.07390828160565792,-0.020051851662130332,0.26966328855744215,0.09128522889433077,50782498024.19031,2.0,0.005462409850093004,1.6159872153051905e-08,1.1329283246104698,0.9801478496939822,1.3095234449633526
75,16.976185659783198,153.3659378557948,140,577,106.66367296033754,166.69344659787564,continuous_central95,ESTIMATED,0.12871138446814107,0.07788536204854961,-0.023941120074193856,0.281363889010476,0.09841743587698579,42819920005.38602,2.0,0.006066100306510482,1.9543282112897325e-08,1.137361816505079,0.9763431950804146,1.3249356457461543
75,16.976185659783198,153.9538176696101,140,577,106.66367296033754,166.69344659787564,continuous_central95,ESTIMATED,0.13255616619295038,0.0818890882925619,-0.027943497592576222,0.293055829978477,0.10550578363739804,36759668000.515686,2.0,0.006705787805697746,2.3317126168282004e-08,1.1417431416539172,0.972443310637137,1.3405176294129308
75,16.976185659783198,154.54169748342537,140,577,106.66367296033754,166.69344659787564,continuous_central95,ESTIMATED,0.13635278444097526,0.08591500013544419,-0.03203752156260653,0.30474309044455705,0.11249767410646215,32059552988.60642,2.0,0.00738134602340678,2.7483244396120566e-08,1.1460861436436003,0.9684702428805992,1.3562765178462994
75,16.976185659783198,155.12957729724062,140,577,106.66367296033754,166.69344659787564,continuous_central95,ESTIMATED,0.14011396003110702,0.08995853456492811,-0.03620152782567976,0.3164294478878938,0.1193424787928869,28355390005.13018,2.0,0.008092489882932303,3.2038758042929584e-08,1.1504048915646492,0.9644459112095907,1.3722194258421903
75,16.976185659783198,155.7174571110559,140,577,106.66367296033754,166.69344659787564,continuous_central95,ESTIMATED,0.14385241378223754,0.09401504155180812,-0.04041368167312501,0.3281185092376001,0.12599198168813264,25396204492.414482,2.0,0.008838772574104453,3.697592250246152e-08,1.1547136761244285,0.9603920603694408,1.3883534952547163
75,16.976185659783198,156.30533692487114,140,577,106.66367296033754,166.69344659787564,continuous_central95,ESTIMATED,0.14758084579138864,0.09807980555328619,-0.04465204071385781,0.3398137322966351,0.13240079728293408,23005075222.38318,2.0,0.00961958483428535,4.2282056718016686e-08,1.15902698349585,0.9563301879151608,1.4046859185738283
75,16.976185659783198,156.89321673868642,140,577,106.66367296033754,166.69344659787564,continuous_central95,ESTIMATED,0.151308247529453,0.10214929833268462,-0.04890069826015786,0.35151719331906384,0.13854101161196877,21050543810.52197,2.0,0.010434407231609034,4.794550051406356e-08,1.1633552041860724,0.9522756876361349,1.4212221824820455
75,16.976185659783198,157.4810965525017,140,577,106.66367296033754,166.69344659787564,continuous_central95,ESTIMATED,0.155035649267517,0.10622267507014324,-0.053156968224433665,0.3632282667594677,0.14441807728688105,19429677214.00681,2.0,0.011283175751886143,5.396478072537669e-08,1.1676995879981287,0.9482311586386178,1.4379640611774642
75,16.976185659783198,158.06897636631697,140,577,106.66367296033754,166.69344659787564,continuous_central95,ESTIMATED,0.15876305100558125,0.11029950546109757,-0.05742000722523119,0.3749461092363937,0.15004250565352367,18067689098.476433,2.0,0.012165890395116664,6.033989735189644e-08,1.1720601952908885,0.944197416336879,1.4549130061325926
75,16.976185659783198,158.65685618013222,140,577,106.66367296033754,166.69344659787564,continuous_central95,ESTIMATED,0.1624904527436453,0.11437942021000169,-0.061689091456576944,0.3866699969438675,0.15542532624246336,16909914797.706259,2.0,0.013082551161300554,6.707085039362985e-08,1.1764370866486227,0.9401751498415948,1.4720706233040541
75,16.976185659783198,159.2447359939475,140,577,106.66367296033754,166.69344659787564,continuous_central95,ESTIMATED,0.16621785448170956,0.11846210063517223,-0.0659635963138446,0.39839930527726375,0.16057775651289635,15915614123.799978,2.0,0.014033158050437899,7.415763985060738e-08,1.180830322881846,0.936164943526104,1.4894386518953904
75,16.976185659783198,159.83261580776275,140,577,106.66367296033754,166.69344659787564,continuous_central95,ESTIMATED,0.1699452562197734,0.12254727032017974,-0.0702429800307848,0.4101334924703316,0.16551096649147987,15053895741.074268,2.0,0.015017711062528624,8.160026572280977e-08,1.18523996502816,0.9321672943485919,1.5070189473678524
75,16.976185659783198,160.42049562157803,140,577,106.66367296033754,166.69344659787564,continuous_central95,ESTIMATED,0.17367265795783748,0.12663468835854108,-0.07452677043936304,0.42187208635503803,0.1702359141211171,14300971674.14823,2.0,0.016036210197572807,8.939872801021355e-08,1.1896660743531042,0.9281826258696827,1.524813467759776
75,16.976185659783198,161.0083754353933,140,577,106.66367296033754,166.69344659787564,continuous_central95,ESTIMATED,0.17740005969590178,0.1307241438492158,-0.07881455418113281,0.43361467357293637,0.1747632330989983,13638267663.940903,2.0,0.017088655455570395,9.755302671286461e-08,1.1941087123510048,0.9242112996754603,1.542824262604539
75,16.976185659783198,161.59625524920855,140,577,106.66367296033754,166.69344659787564,continuous_central95,ESTIMATED,0.18112746143396555,0.1348154513817467,-0.0831059678582737,0.4453608907262048,0.1791031595072324,13051097168.50784,2.0,0.018175046836521363,1.0606316183072774e-07,1.1985679407458285,0.9202536247474091,1.5610534639056748
75,16.976185659783198,162.18413506302383,140,577,106.66367296033754,166.69344659787564,continuous_central95,ESTIMATED,0.18485486317202962,0.13890844731018281,-0.08740069073061238,0.4571104170746716,0.1832654869567816,12527714448.530586,2.0,0.01929538434042579,1.1492913336378807e-07,1.2030438214920438,0.9163098651957968,1.5795032787526724
75,16.976185659783198,162.77201487683908,140,577,106.66367296033754,166.69344659787564,continuous_central95,ESTIMATED,0.18858226491009378,0.14300298666005382,-0.09169843865340621,0.46886296847359377,0.18725954254049715,12058627513.20823,2.0,0.02044966796728356,1.2415094131204245e-07,1.2075364167754774,0.9123802466794687,1.598175983254518
75,16.976185659783198,163.35989469065436,140,577,106.66367296033754,166.69344659787564,continuous_central95,ESTIMATED,0.19230966664815788,0.14709894054673994,-0.09599895901744035,0.4806182923137561,0.19109417782875265,11636092317.058228,2.0,0.021637897717094817,1.3372858567560258e-07,1.2120457890141807,0.9084649617643952,1.6170739175387134
75,16.976185659783198,163.94777450446963,140,577,106.66367296033754,166.69344659787564,continuous_central95,ESTIMATED,0.19603706838622198,0.15119619400950265,-0.10030202650380582,0.4923761632762498,0.19477777059835524,11253735400.831038,2.0,0.022860073589859486,1.4366206645443324e-07,1.2165720008592966,0.9045641744195617,1.6361994816172167
75,16.976185659783198,164.53565431828488,140,577,106.66367296033754,166.69344659787564,continuous_central95,ESTIMATED,0.1997644701242864,0.15529464418534503,-0.10460743950473117,0.5041363797533039,0.19831823408102128,10906268890.80503,2.0,0.024116195585577448,1.5395138364835434e-07,1.2211151151959296,0.9006780238075224,1.655555131962036
75,16.976185659783198,165.12353413210016,140,577,106.66367296033754,166.69344659787564,continuous_central95,ESTIMATED,0.20349187186235065,0.1593941987622348,-0.10891501709195675,0.5158987608166581,0.20172303134140682,10589272806.46404,2.0,0.02540626370424892,1.645965372575747e-07,1.2256751951440192,0.896806627495073,1.6751433786650771
75,16.976185659783198,165.7114139459154,140,577,106.66367296033754,166.69344659787564,continuous_central95,ESTIMATED,0.20721927360041456,0.16349477466318213,-0.1132245964375734,0.5276631436384025,0.20499919301400535,10299027033.3622,2.0,0.02673027794587378,1.7559752728197053e-07,1.2302523040592175,0.8929500841847001,1.6949667830816315
75,16.976185659783198,166.2992937597307,140,577,106.66367296033754,166.69344659787564,continuous_central95,ESTIMATED,0.21094667533847875,0.16759629692204622,-0.11753603061064302,0.5394293812876005,0.20815333709391343,10032380365.99566,2.0,0.028088238310452096,1.8695435372168994e-07,1.2348465055337698,0.8891084760479987,1.71502795587638
